INSERT INTO TIPO_CLIENTE (ID, NOMBRE) VALUES ('RC', 'REGISTRO CIVIL');

INSERT INTO TIPO_CLIENTE (ID, NOMBRE) VALUES ('TI', 'TARJETA IDENTIDAD');

INSERT INTO TIPO_CLIENTE (ID, NOMBRE) VALUES ('CC', 'CEDULA');

INSERT INTO TIPO_CLIENTE (ID, NOMBRE) VALUES ('PS', 'PASAPORTE');

INSERT INTO TIPO_CLIENTE (ID, NOMBRE) VALUES ('PT', 'PERMISO TEMPORAL');

INSERT INTO TIPO_TELEFONO (ID, NOMBRE) VALUES ('FJ', 'FIJO');

INSERT INTO TIPO_TELEFONO (ID, NOMBRE) VALUES ('MV', 'MOVIL');

INSERT INTO TIPO_TELEFONO (ID, NOMBRE) VALUES ('ST', 'SATELITAL');

INSERT INTO CLIENTE (TIPO_CLIENTE_ID, NOMBRE, APELLIDOS) VALUES ('TI', 'ANTONIO', 'CARREñO');

INSERT INTO CLIENTE (TIPO_CLIENTE_ID, NOMBRE, APELLIDOS) VALUES ('PS', 'LUCCA', 'BEJARANO');

INSERT INTO CLIENTE (TIPO_CLIENTE_ID, NOMBRE, APELLIDOS) VALUES ('PS', 'RAFAEL', 'CHAPARRO');

INSERT INTO CLIENTE (TIPO_CLIENTE_ID, NOMBRE, APELLIDOS) VALUES ('CC', 'JUAN DAVID', 'HINCAPIE');

INSERT INTO CLIENTE (TIPO_CLIENTE_ID, NOMBRE, APELLIDOS) VALUES ('CC', 'LUCAS', 'CACERES');

INSERT INTO CLIENTE (TIPO_CLIENTE_ID, NOMBRE, APELLIDOS) VALUES ('RC', 'SALOMóN', 'AVENDAñO');

INSERT INTO CLIENTE (TIPO_CLIENTE_ID, NOMBRE, APELLIDOS) VALUES ('CC', 'SIMóN', 'PEREA');

INSERT INTO CLIENTE (TIPO_CLIENTE_ID, NOMBRE, APELLIDOS) VALUES ('CC', 'ISMAEL', 'VALDERRAMA');

INSERT INTO CLIENTE (TIPO_CLIENTE_ID, NOMBRE, APELLIDOS) VALUES ('TI', 'JUAN SEBASTIáN', 'ARTEAGA');

INSERT INTO CLIENTE (TIPO_CLIENTE_ID, NOMBRE, APELLIDOS) VALUES ('RC', 'ÁNGEL', 'TABARES');

INSERT INTO CLIENTE (TIPO_CLIENTE_ID, NOMBRE, APELLIDOS) VALUES ('CC', 'MILAN', 'TAMAYO');

INSERT INTO CLIENTE (TIPO_CLIENTE_ID, NOMBRE, APELLIDOS) VALUES ('PS', 'SAMUEL DAVID', 'SALAMANCA');

INSERT INTO CLIENTE (TIPO_CLIENTE_ID, NOMBRE, APELLIDOS) VALUES ('PS', 'DANIEL', 'CARDOZO');

INSERT INTO CLIENTE (TIPO_CLIENTE_ID, NOMBRE, APELLIDOS) VALUES ('CC', 'ESTEBAN', 'PAZ');

INSERT INTO CLIENTE (TIPO_CLIENTE_ID, NOMBRE, APELLIDOS) VALUES ('RC', 'JUAN ANDRéS', 'MONTERO');

INSERT INTO CLIENTE (TIPO_CLIENTE_ID, NOMBRE, APELLIDOS) VALUES ('CC', 'DYLAN', 'ORJUELA');

INSERT INTO CLIENTE (TIPO_CLIENTE_ID, NOMBRE, APELLIDOS) VALUES ('RC', 'EITHAN', 'ANAYA');

INSERT INTO CLIENTE (TIPO_CLIENTE_ID, NOMBRE, APELLIDOS) VALUES ('PS', 'OLIVER', 'VILLAMIL');

INSERT INTO CLIENTE (TIPO_CLIENTE_ID, NOMBRE, APELLIDOS) VALUES ('RC', 'VICENTE', 'BARRAGAN');

INSERT INTO CLIENTE (TIPO_CLIENTE_ID, NOMBRE, APELLIDOS) VALUES ('RC', 'DOMINIC', 'PUENTES');

INSERT INTO TELEFONOS (TIPO_TELEFONO_ID, TELEFONO) VALUES ('ST', '3147521126');

INSERT INTO TELEFONOS (TIPO_TELEFONO_ID, TELEFONO) VALUES ('FJ', '3223222659');

INSERT INTO TELEFONOS (TIPO_TELEFONO_ID, TELEFONO) VALUES ('FJ', '3168327263');

INSERT INTO TELEFONOS (TIPO_TELEFONO_ID, TELEFONO) VALUES ('FJ', '3237153296');

INSERT INTO TELEFONOS (TIPO_TELEFONO_ID, TELEFONO) VALUES ('MV', '3100000000');

INSERT INTO TELEFONOS (TIPO_TELEFONO_ID, TELEFONO) VALUES ('MV', '3138155854');

INSERT INTO TELEFONOS (TIPO_TELEFONO_ID, TELEFONO) VALUES ('MV', '3203086358');

INSERT INTO TELEFONOS (TIPO_TELEFONO_ID, TELEFONO) VALUES ('MV', '3130121732');

INSERT INTO TELEFONOS (TIPO_TELEFONO_ID, TELEFONO) VALUES ('MV', '3158140351');

INSERT INTO TELEFONOS (TIPO_TELEFONO_ID, TELEFONO) VALUES ('FJ', '3107436618');

INSERT INTO TELEFONOS (TIPO_TELEFONO_ID, TELEFONO) VALUES ('FJ', '3231573780');

INSERT INTO TELEFONOS (TIPO_TELEFONO_ID, TELEFONO) VALUES ('FJ', '3181705637');

INSERT INTO TELEFONOS (TIPO_TELEFONO_ID, TELEFONO) VALUES ('FJ', '3189214570');

INSERT INTO TELEFONOS (TIPO_TELEFONO_ID, TELEFONO) VALUES ('FJ', '3118114683');

INSERT INTO TELEFONOS (TIPO_TELEFONO_ID, TELEFONO) VALUES ('MV', '3195428716');

INSERT INTO TELEFONOS (TIPO_TELEFONO_ID, TELEFONO) VALUES ('FJ', '3177452272');

INSERT INTO TELEFONOS (TIPO_TELEFONO_ID, TELEFONO) VALUES ('FJ', '3152028365');

INSERT INTO TELEFONOS (TIPO_TELEFONO_ID, TELEFONO) VALUES ('MV', '3212852882');

INSERT INTO TELEFONOS (TIPO_TELEFONO_ID, TELEFONO) VALUES ('MV', '3242937700');

INSERT INTO TELEFONOS (TIPO_TELEFONO_ID, TELEFONO) VALUES ('FJ', '3125595818');

