INSERT INTO TIPO_TELEFONO (ID, NOMBRE) VALUES ('FJ', 'FIJO');

INSERT INTO TIPO_TELEFONO (ID, NOMBRE) VALUES ('MV', 'MOVIL');

INSERT INTO TIPO_TELEFONO (ID, NOMBRE) VALUES ('ST', 'SATELITAL');

INSERT INTO TIPO_CLIENTE (ID, NOMBRE) VALUES ('NT', 'NATURAL');

INSERT INTO TIPO_CLIENTE (ID, NOMBRE) VALUES ('JR', 'JURIDICO');

INSERT INTO IDENTIDAD_GENERO (ID, NOMBRE) VALUES ('AG', 'AGENDER');

INSERT INTO IDENTIDAD_GENERO (ID, NOMBRE) VALUES ('AD', 'ANDROGYNO');

INSERT INTO IDENTIDAD_GENERO (ID, NOMBRE) VALUES ('BG', 'BIGENDER');

INSERT INTO IDENTIDAD_GENERO (ID, NOMBRE) VALUES ('CG', 'CISGéNERO');

INSERT INTO IDENTIDAD_GENERO (ID, NOMBRE) VALUES ('DG', 'DEMIGéNERO');

INSERT INTO CLIENTE (TIPO_CLIENTE_ID, IDENTIDAD_GENERO_ID, NOMBRE, APELLIDOS) VALUES ('JR', 'BG', 'FRANCISCO', 'GUEVARA');

INSERT INTO CLIENTE (TIPO_CLIENTE_ID, IDENTIDAD_GENERO_ID, NOMBRE, APELLIDOS) VALUES ('NT', 'AG', 'RODRIGO', 'ARBOLEDA');

INSERT INTO CLIENTE (TIPO_CLIENTE_ID, IDENTIDAD_GENERO_ID, NOMBRE, APELLIDOS) VALUES ('NT', 'AG', 'HAROLD', 'MIRANDA');

INSERT INTO CLIENTE (TIPO_CLIENTE_ID, IDENTIDAD_GENERO_ID, NOMBRE, APELLIDOS) VALUES ('NT', 'AD', 'HAROLD ADRIAN', 'MARQUEZ');

INSERT INTO CLIENTE (TIPO_CLIENTE_ID, IDENTIDAD_GENERO_ID, NOMBRE, APELLIDOS) VALUES ('NT', 'BG', 'ADRIAN', 'CIFUENTES');

INSERT INTO CLIENTE (TIPO_CLIENTE_ID, IDENTIDAD_GENERO_ID, NOMBRE, APELLIDOS) VALUES ('NT', 'AD', 'ADRIAN DAVID', 'MEZA');

INSERT INTO CLIENTE (TIPO_CLIENTE_ID, IDENTIDAD_GENERO_ID, NOMBRE, APELLIDOS) VALUES ('NT', 'BG', 'HAROLD ALBERTO', 'SEPULVEDA');

INSERT INTO CLIENTE (TIPO_CLIENTE_ID, IDENTIDAD_GENERO_ID, NOMBRE, APELLIDOS) VALUES ('NT', 'AD', 'ALBERTO', 'RUEDA');

INSERT INTO CLIENTE (TIPO_CLIENTE_ID, IDENTIDAD_GENERO_ID, NOMBRE, APELLIDOS) VALUES ('NT', 'AD', 'MANUEL', 'FUENTES');

INSERT INTO CLIENTE (TIPO_CLIENTE_ID, IDENTIDAD_GENERO_ID, NOMBRE, APELLIDOS) VALUES ('NT', 'BG', 'MATíAS', 'BENITEZ');

INSERT INTO CLIENTE (TIPO_CLIENTE_ID, IDENTIDAD_GENERO_ID, NOMBRE, APELLIDOS) VALUES ('NT', 'AG', 'MATHIAS', 'MENESES');

INSERT INTO CLIENTE (TIPO_CLIENTE_ID, IDENTIDAD_GENERO_ID, NOMBRE, APELLIDOS) VALUES ('NT', 'AD', 'JERóNIMO', 'VELASCO');

INSERT INTO CLIENTE (TIPO_CLIENTE_ID, IDENTIDAD_GENERO_ID, NOMBRE, APELLIDOS) VALUES ('NT', 'AG', 'GERóNIMO', 'LOAIZA');

INSERT INTO CLIENTE (TIPO_CLIENTE_ID, IDENTIDAD_GENERO_ID, NOMBRE, APELLIDOS) VALUES ('NT', 'AD', 'EMILIANO', 'ESTRADA');

INSERT INTO CLIENTE (TIPO_CLIENTE_ID, IDENTIDAD_GENERO_ID, NOMBRE, APELLIDOS) VALUES ('NT', 'BG', 'MARTíN', 'NUñEZ');

INSERT INTO CLIENTE (TIPO_CLIENTE_ID, IDENTIDAD_GENERO_ID, NOMBRE, APELLIDOS) VALUES ('NT', 'AG', 'SAMUEL', 'AGUILAR');

INSERT INTO CLIENTE (TIPO_CLIENTE_ID, IDENTIDAD_GENERO_ID, NOMBRE, APELLIDOS) VALUES ('NT', 'AD', 'THIAGO', 'AYALA');

INSERT INTO CLIENTE (TIPO_CLIENTE_ID, IDENTIDAD_GENERO_ID, NOMBRE, APELLIDOS) VALUES ('NT', 'CG', 'EMMANUEL', 'SOLANO');

INSERT INTO CLIENTE (TIPO_CLIENTE_ID, IDENTIDAD_GENERO_ID, NOMBRE, APELLIDOS) VALUES ('NT', 'CG', 'MAXIMILIANO', 'MONSALVE');

INSERT INTO CLIENTE (TIPO_CLIENTE_ID, IDENTIDAD_GENERO_ID, NOMBRE, APELLIDOS) VALUES ('NT', 'AD', 'ISAAC', 'BOLAñOS');

INSERT INTO CUENTA (FECHA_REGISTRO, FECHA_ACTUALIZACION, SALDO, USUARIO, IP) VALUES ('1290-12-23 13:9:10', '294-3-8 3:0:40', 38, 'DYFFY3YRGW', '1 LNLQYB8PLE6Q6');

INSERT INTO CUENTA (FECHA_REGISTRO, FECHA_ACTUALIZACION, SALDO, USUARIO, IP) VALUES ('35-8-7 0:14:30', '1507-5-7 14:9:59', 4, 'VA362A 58J', 'O661DPXH2KENVK3');

INSERT INTO CUENTA (FECHA_REGISTRO, FECHA_ACTUALIZACION, SALDO, USUARIO, IP) VALUES ('926-3-24 9:24:0', '1399-4-9 13:6:47', 78, '7DJ4BXNPSI', 'NFBIJ0Q6CYJKCL5');

INSERT INTO CUENTA (FECHA_REGISTRO, FECHA_ACTUALIZACION, SALDO, USUARIO, IP) VALUES ('1718-6-29 17:48:35', '1-1-1 0:0:0', 99, 'S7VSMUAA2E', 'R9YSFKHTDYCO213');

INSERT INTO CUENTA (FECHA_REGISTRO, FECHA_ACTUALIZACION, SALDO, USUARIO, IP) VALUES ('159-10-7 1:23:14', '1265-8-14 11:54:59', 58, 'I7TLYQ8QCL', '1GV17HSKRP1 J5A');

INSERT INTO CUENTA (FECHA_REGISTRO, FECHA_ACTUALIZACION, SALDO, USUARIO, IP) VALUES ('895-10-6 8:57:53', '205-12-31 1:56:29', 42, '5I 30USIHA', 'HG7JGQKAT1IUM3X');

INSERT INTO CUENTA (FECHA_REGISTRO, FECHA_ACTUALIZACION, SALDO, USUARIO, IP) VALUES ('173-3-18 1:33:21', '851-6-8 8:32:37', 56, '5BN9GXI6TG', 'R4K64IYNGP6695N');

INSERT INTO CUENTA (FECHA_REGISTRO, FECHA_ACTUALIZACION, SALDO, USUARIO, IP) VALUES ('727-7-19 7:5:56', '1972-9-1 18:59:10', 75, '17KRK3JNDU', 'W3RF9JM3CT467YK');

INSERT INTO CUENTA (FECHA_REGISTRO, FECHA_ACTUALIZACION, SALDO, USUARIO, IP) VALUES ('272-1-15 2:50:2', '444-7-6 4:29:20', 35, 'TV63YE2A3B', 'PBERUYL02X6DXI4');

INSERT INTO CUENTA (FECHA_REGISTRO, FECHA_ACTUALIZACION, SALDO, USUARIO, IP) VALUES ('885-1-21 8:43:41', '932-5-7 9:9:51', 2, 'E7W67PXIPT', 'EN0Q6T85F0R7D7P');

INSERT INTO CUENTA (FECHA_REGISTRO, FECHA_ACTUALIZACION, SALDO, USUARIO, IP) VALUES ('989-11-27 9:58:28', '1297-7-17 12:17:24', 92, '31EYH0IAVA', '4XWH6KWOINSDJ C');

INSERT INTO CUENTA (FECHA_REGISTRO, FECHA_ACTUALIZACION, SALDO, USUARIO, IP) VALUES ('532-12-14 5:18:11', '956-1-25 9:16:27', 60, '5O6BYI2S J', '9B5K509LOVQ R1P');

INSERT INTO CUENTA (FECHA_REGISTRO, FECHA_ACTUALIZACION, SALDO, USUARIO, IP) VALUES ('701-9-3 6:58:11', '1862-5-25 17:45:28', 12, 'REK1QPF01J', 'VN1BHTNGL09RIT0');

INSERT INTO CUENTA (FECHA_REGISTRO, FECHA_ACTUALIZACION, SALDO, USUARIO, IP) VALUES ('1925-1-20 19:42:22', '1753-3-22 16:31:17', 83, '9CCTPOBJ41', 'DP1C6GXRXTBSDNQ');

INSERT INTO CUENTA (FECHA_REGISTRO, FECHA_ACTUALIZACION, SALDO, USUARIO, IP) VALUES ('976-1-3 9:49:44', '1951-7-25 18:52:53', 70, '5MWF4IGAL7', '7HD1O5AGPPNFFSC');

INSERT INTO CUENTA (FECHA_REGISTRO, FECHA_ACTUALIZACION, SALDO, USUARIO, IP) VALUES ('753-10-23 7:21:42', '1799-1-20 17:5:33', 15, 'RBTSYMFEI4', 'IYLN1SG9KNSK357');

INSERT INTO CUENTA (FECHA_REGISTRO, FECHA_ACTUALIZACION, SALDO, USUARIO, IP) VALUES ('862-3-17 8:29:46', '424-7-4 4:18:8', 29, 'CF06PA2ABK', '1CFX0 G0TA KL9M');

INSERT INTO CUENTA (FECHA_REGISTRO, FECHA_ACTUALIZACION, SALDO, USUARIO, IP) VALUES ('1318-12-22 13:26:18', '506-11-6 5:0:17', 25, 'XV9DQ5RSVN', 'XPXYPUUHFXQEQSI');

INSERT INTO CUENTA (FECHA_REGISTRO, FECHA_ACTUALIZACION, SALDO, USUARIO, IP) VALUES ('1624-4-29 17:1:15', '383-12-18 4:1:58', 81, '8BF HDM1TJ', '45M72527R JAGGP');

INSERT INTO CUENTA (FECHA_REGISTRO, FECHA_ACTUALIZACION, SALDO, USUARIO, IP) VALUES ('1384-11-5 14:4:53', '798-8-10 8:2:6', 74, 'W8L Q00S1V', 'LSIGOR0FNOVGMWT');

INSERT INTO CUENTA (FECHA_REGISTRO, FECHA_ACTUALIZACION, SALDO, USUARIO, IP) VALUES ('299-12-28 3:5:22', '1495-5-27 13:58:10', 20, 'LX8Y3HADLP', '47 VVBGGX4KEQAV');

INSERT INTO CUENTA (FECHA_REGISTRO, FECHA_ACTUALIZACION, SALDO, USUARIO, IP) VALUES ('374-7-17 3:48:44', '1546-10-25 14:28:45', 36, 'O03 K84 TR', '4 SB53C10GF283U');

INSERT INTO CUENTA (FECHA_REGISTRO, FECHA_ACTUALIZACION, SALDO, USUARIO, IP) VALUES ('588-5-8 5:58:9', '1020-2-3 9:47:29', 0, 'RBK TURKYT', '0SY43W9AORJG9YV');

INSERT INTO CUENTA (FECHA_REGISTRO, FECHA_ACTUALIZACION, SALDO, USUARIO, IP) VALUES ('522-7-20 5:5:13', '1285-1-2 12:8:28', 86, 'F 8  C 8K3', 'F35BL8W9Q YV8WA');

INSERT INTO CUENTA (FECHA_REGISTRO, FECHA_ACTUALIZACION, SALDO, USUARIO, IP) VALUES ('1426-12-17 14:40:59', '831-7-31 8:21:16', 49, 'Y97Y0KURM ', '8J1DDR0J7JUF039');

INSERT INTO CUENTA (FECHA_REGISTRO, FECHA_ACTUALIZACION, SALDO, USUARIO, IP) VALUES ('1844-8-3 18:56:2', '1653-6-2 15:23:51', 89, 'FKJCTUET J', 'T AW5E YC1D2G03');

INSERT INTO CUENTA (FECHA_REGISTRO, FECHA_ACTUALIZACION, SALDO, USUARIO, IP) VALUES ('1557-5-3 16:18:13', '468-8-3 4:36:20', 97, '1M1S9CMTU4', '0WLK5D67UOXMCHD');

INSERT INTO CUENTA (FECHA_REGISTRO, FECHA_ACTUALIZACION, SALDO, USUARIO, IP) VALUES ('999-11-2 10:16:19', '1630-4-18 15:15:8', 98, 'OROJ6KDB3Y', 'LSMVSI9XLIO19Q8');

INSERT INTO CUENTA (FECHA_REGISTRO, FECHA_ACTUALIZACION, SALDO, USUARIO, IP) VALUES ('51-5-2 0:26:30', '985-1-27 9:22:53', 85, '7 LUYGCMLK', 'LODOP4WGOK5I5G3');

INSERT INTO CUENTA (FECHA_REGISTRO, FECHA_ACTUALIZACION, SALDO, USUARIO, IP) VALUES ('1073-1-31 11:0:50', '1116-6-6 10:29:3', 67, 'AHT1D3 DTS', 'E716C4TGISUDK8F');

INSERT INTO CUENTA (FECHA_REGISTRO, FECHA_ACTUALIZACION, SALDO, USUARIO, IP) VALUES ('1678-12-5 17:23:36', '1849-11-2 17:33:14', 84, 'STAMGH SG7', 'YNEJ88LYND1L1PQ');

INSERT INTO CUENTA (FECHA_REGISTRO, FECHA_ACTUALIZACION, SALDO, USUARIO, IP) VALUES ('1103-1-3 11:18:6', '868-10-24 8:39:29', 47, 'YD Y1ACMH8', 'DMCP10F5A4383MU');

INSERT INTO CUENTA (FECHA_REGISTRO, FECHA_ACTUALIZACION, SALDO, USUARIO, IP) VALUES ('575-11-26 5:44:38', '54-8-11 0:32:4', 68, 'WERCU68DB7', '46VD252XQ59592V');

INSERT INTO CUENTA (FECHA_REGISTRO, FECHA_ACTUALIZACION, SALDO, USUARIO, IP) VALUES ('1973-5-31 20:5:44', '1703-10-28 16:6:57', 23, '6 E99SOYR0', 'J3CL7 54B 2P7XI');

INSERT INTO CUENTA (FECHA_REGISTRO, FECHA_ACTUALIZACION, SALDO, USUARIO, IP) VALUES ('676-11-14 6:50:52', '713-3-6 6:42:58', 13, 'Q4R8LNTPYH', 'YI8METEWNPBRR5I');

INSERT INTO CUENTA (FECHA_REGISTRO, FECHA_ACTUALIZACION, SALDO, USUARIO, IP) VALUES ('1776-12-12 18:23:38', '533-8-7 5:13:2', 69, 'POWLBVNK17', 'M 90MQLQ5JFL3KQ');

INSERT INTO CUENTA (FECHA_REGISTRO, FECHA_ACTUALIZACION, SALDO, USUARIO, IP) VALUES ('1395-3-9 14:16:32', '1066-5-3 10:9:12', 30, 'TK9OLSLU L', 'B2SCU0R6EHJKXG7');

INSERT INTO CUENTA (FECHA_REGISTRO, FECHA_ACTUALIZACION, SALDO, USUARIO, IP) VALUES ('437-1-2 4:19:22', '1454-8-27 13:37:14', 52, 'FHM385WUPR', 'XNV3M 5FSRG50DI');

INSERT INTO CUENTA (FECHA_REGISTRO, FECHA_ACTUALIZACION, SALDO, USUARIO, IP) VALUES ('1791-9-22 18:36:40', '1558-9-18 14:42:23', 72, 'M3R30Q72Q8', 'CPXD9ESGW6U8U5E');

INSERT INTO CUENTA (FECHA_REGISTRO, FECHA_ACTUALIZACION, SALDO, USUARIO, IP) VALUES ('1359-1-17 13:49:35', '1901-10-1 18:17:32', 10, 'WW1ECFIXEF', 'OCSO7ICDBA0CU41');

INSERT INTO CUENTA (FECHA_REGISTRO, FECHA_ACTUALIZACION, SALDO, USUARIO, IP) VALUES ('1863-6-27 19:13:34', '1937-2-6 18:40:52', 96, 'N W2A 0VTF', 'GAXPJEL0QWBKKAQ');

INSERT INTO CUENTA (FECHA_REGISTRO, FECHA_ACTUALIZACION, SALDO, USUARIO, IP) VALUES ('661-8-29 6:33:11', '1925-9-1 18:26:42', 94, 'BFFQD5EFID', '8JSALYJ 68Y2CBA');

INSERT INTO CUENTA (FECHA_REGISTRO, FECHA_ACTUALIZACION, SALDO, USUARIO, IP) VALUES ('348-6-18 3:38:47', '1874-7-1 17:57:56', 80, 'C3FK20 I8P', 'VCF1CRVICDFK3 2');

INSERT INTO CUENTA (FECHA_REGISTRO, FECHA_ACTUALIZACION, SALDO, USUARIO, IP) VALUES ('1638-2-23 17:8:8', '1415-11-7 13:16:22', 45, 'JC5D1Y4NJJ', 'XX VR8GCLQ FJ3C');

INSERT INTO CUENTA (FECHA_REGISTRO, FECHA_ACTUALIZACION, SALDO, USUARIO, IP) VALUES ('820-7-17 7:59:51', '650-6-29 6:6:58', 57, 'E06P7CEEW2', 'V M9NKC8HDVUKOU');

INSERT INTO CUENTA (FECHA_REGISTRO, FECHA_ACTUALIZACION, SALDO, USUARIO, IP) VALUES ('912-3-30 9:12:13', '12-9-23 0:10:13', 77, 'YKDEN9LTPG', 'JA7BRXIYLJ2XWNX');

INSERT INTO CUENTA (FECHA_REGISTRO, FECHA_ACTUALIZACION, SALDO, USUARIO, IP) VALUES ('396-1-6 4:2:30', '1199-4-25 11:12:49', 71, 'V7 7QWVJ0K', 'WYE75NFCX6LN33T');

INSERT INTO CUENTA (FECHA_REGISTRO, FECHA_ACTUALIZACION, SALDO, USUARIO, IP) VALUES ('1029-4-14 10:30:3', '745-10-8 7:4:53', 39, 'PR4EQ7RD65', 'OBFRWB2CGGDDKA9');

INSERT INTO CUENTA (FECHA_REGISTRO, FECHA_ACTUALIZACION, SALDO, USUARIO, IP) VALUES ('1737-4-28 18:5:37', '1679-8-15 15:41:18', 11, 'A6V3P63BHI', 'OVKENHQTUD4RBL0');

INSERT INTO CUENTA (FECHA_REGISTRO, FECHA_ACTUALIZACION, SALDO, USUARIO, IP) VALUES ('74-12-19 0:40:26', '724-4-20 6:52:25', 1, 'ORLFVWWPQJ', 'EFOCW16YQQP7GDM');

INSERT INTO CUENTA (FECHA_REGISTRO, FECHA_ACTUALIZACION, SALDO, USUARIO, IP) VALUES ('1-1-1 0:0:0', '784-4-15 7:45:18', 65, '4IXNWUN6TO', 'C45GAPCOUYMKUJD');

INSERT INTO CUENTA (FECHA_REGISTRO, FECHA_ACTUALIZACION, SALDO, USUARIO, IP) VALUES ('1569-5-21 16:30:23', '268-2-4 2:33:3', 54, 'CTHI1U 8X1', 'QH4J3OXTWD2JHFY');

INSERT INTO CUENTA (FECHA_REGISTRO, FECHA_ACTUALIZACION, SALDO, USUARIO, IP) VALUES ('115-12-7 0:55:24', '1326-9-13 12:30:2', 66, '4 V5ACWNEI', 'OC535HRM 7AWRJ6');

INSERT INTO CUENTA (FECHA_REGISTRO, FECHA_ACTUALIZACION, SALDO, USUARIO, IP) VALUES ('201-4-15 1:47:13', '146-10-27 1:33:26', 51, 'IKYATR9GEP', 'QKXSJOF1ALGU8B0');

INSERT INTO CUENTA (FECHA_REGISTRO, FECHA_ACTUALIZACION, SALDO, USUARIO, IP) VALUES ('1533-4-24 15:56:35', '1347-7-12 12:45:46', 87, 'YP KXSGSIX', 'HKKQ7NO2VKG7W5M');

INSERT INTO CUENTA (FECHA_REGISTRO, FECHA_ACTUALIZACION, SALDO, USUARIO, IP) VALUES ('613-12-27 6:12:31', '1371-6-28 12:53:45', 91, 'OCIOJPDWQS', 'KQA9KD6MK8JG21V');

INSERT INTO CUENTA (FECHA_REGISTRO, FECHA_ACTUALIZACION, SALDO, USUARIO, IP) VALUES ('1517-5-10 15:42:3', '1135-12-26 10:41:53', 37, 'WV 6DWIAK2', 'YU98TB 5H7S44NG');

INSERT INTO CUENTA (FECHA_REGISTRO, FECHA_ACTUALIZACION, SALDO, USUARIO, IP) VALUES ('261-3-5 2:35:29', '94-11-4 0:58:45', 64, 'GB1VUFQ5A8', 'BNR911G7MB9NSVR');

INSERT INTO CUENTA (FECHA_REGISTRO, FECHA_ACTUALIZACION, SALDO, USUARIO, IP) VALUES ('1888-11-13 19:24:13', '774-6-21 7:28:38', 17, 'XYIK4L34NF', 'J1FUUAEH C6X067');

INSERT INTO CUENTA (FECHA_REGISTRO, FECHA_ACTUALIZACION, SALDO, USUARIO, IP) VALUES ('1658-9-29 17:16:46', '1729-5-6 16:13:26', 18, 'BH5MDRTTX0', 'DOJFUBIRDHJOEVY');

INSERT INTO CUENTA (FECHA_REGISTRO, FECHA_ACTUALIZACION, SALDO, USUARIO, IP) VALUES ('1951-9-24 19:56:49', '487-5-20 4:46:1', 27, 'P5Y65ADXAN', '8WYYMAV4E3T8UPQ');

INSERT INTO CUENTA (FECHA_REGISTRO, FECHA_ACTUALIZACION, SALDO, USUARIO, IP) VALUES ('1226-10-1 12:35:3', '190-12-27 1:49:17', 14, 'AJ2X1UCFE1', 'L8RWF02KLWXD2R5');

INSERT INTO CUENTA (FECHA_REGISTRO, FECHA_ACTUALIZACION, SALDO, USUARIO, IP) VALUES ('98-1-19 0:48:37', '351-4-16 3:37:5', 5, 'AU60YBB31S', 'O83CK32QYHKGHNY');

INSERT INTO CUENTA (FECHA_REGISTRO, FECHA_ACTUALIZACION, SALDO, USUARIO, IP) VALUES ('798-3-30 7:52:55', '759-3-30 7:18:35', 8, 'PMIFRF0GUV', 'GVCE0Q5346IT8WE');

INSERT INTO CUENTA (FECHA_REGISTRO, FECHA_ACTUALIZACION, SALDO, USUARIO, IP) VALUES ('136-2-6 1:8:55', '997-12-30 9:30:53', 21, 'BY0TKDU5LH', 'SN4SRREBWKXT7SV');

INSERT INTO CUENTA (FECHA_REGISTRO, FECHA_ACTUALIZACION, SALDO, USUARIO, IP) VALUES ('1490-6-29 15:11:18', '1574-8-7 14:53:46', 59, '1MCEGWDEO7', 'N3RGCH JV3AOADO');

INSERT INTO CUENTA (FECHA_REGISTRO, FECHA_ACTUALIZACION, SALDO, USUARIO, IP) VALUES ('1124-2-5 11:31:1', '83-4-4 0:49:42', 61, '5SE7T1EP3W', '1U6DXB10FVN4EMS');

INSERT INTO CUENTA (FECHA_REGISTRO, FECHA_ACTUALIZACION, SALDO, USUARIO, IP) VALUES ('1706-3-18 17:41:14', '397-11-29 4:11:47', 82, 'HVVT3IQ3 S', 'WPA2SO2O20QYX0W');

INSERT INTO CUENTA (FECHA_REGISTRO, FECHA_ACTUALIZACION, SALDO, USUARIO, IP) VALUES ('643-8-21 6:19:32', '372-12-18 3:48:19', 88, 'FTTTHL7T2H', 'KLRDMWHUG76M OL');

INSERT INTO CUENTA (FECHA_REGISTRO, FECHA_ACTUALIZACION, SALDO, USUARIO, IP) VALUES ('548-12-6 5:28:31', '1436-10-14 13:23:59', 44, '7 YG526LF9', '8TR506IUJRTGR5O');

INSERT INTO CUENTA (FECHA_REGISTRO, FECHA_ACTUALIZACION, SALDO, USUARIO, IP) VALUES ('421-8-29 4:9:8', '170-12-31 1:43:0', 90, 'X5Y890PSVL', 'U4UH92IBCWYEVI2');

INSERT INTO CUENTA (FECHA_REGISTRO, FECHA_ACTUALIZACION, SALDO, USUARIO, IP) VALUES ('1766-7-23 18:16:45', '1040-1-14 10:2:13', 28, 'JW5O 31QEM', 'DR LE9WD7 WTFYE');

INSERT INTO CUENTA (FECHA_REGISTRO, FECHA_ACTUALIZACION, SALDO, USUARIO, IP) VALUES ('1545-2-7 16:12:18', '670-2-21 6:16:59', 63, 'HVFHVJQTI4', 'E7VNOKNXA1DHPLJ');

INSERT INTO CUENTA (FECHA_REGISTRO, FECHA_ACTUALIZACION, SALDO, USUARIO, IP) VALUES ('1500-5-27 15:29:16', '891-6-20 8:46:9', 53, '2Q CRFRO 4', 'STLSU2AUU05E2XJ');

INSERT INTO CUENTA (FECHA_REGISTRO, FECHA_ACTUALIZACION, SALDO, USUARIO, IP) VALUES ('222-1-13 2:11:50', '634-10-27 6:1:5', 73, 'R0 YGU5R7D', 'D5SEIVP1NYWPBPQ');

INSERT INTO CUENTA (FECHA_REGISTRO, FECHA_ACTUALIZACION, SALDO, USUARIO, IP) VALUES ('1439-3-3 14:50:17', '341-6-20 3:30:33', 93, 'VXEK58O 8F', 'DCPTDD1M44Q1NER');

INSERT INTO CUENTA (FECHA_REGISTRO, FECHA_ACTUALIZACION, SALDO, USUARIO, IP) VALUES ('1466-11-8 15:2:2', '315-4-3 3:16:25', 3, 'XSCB9VIL3J', 'I8SB0ENNRNFWKEG');

INSERT INTO CUENTA (FECHA_REGISTRO, FECHA_ACTUALIZACION, SALDO, USUARIO, IP) VALUES ('1337-6-29 13:40:58', '1604-2-4 15:1:49', 79, '0NF8O 2R8M', 'K59JL GTSGQEU13');

INSERT INTO CUENTA (FECHA_REGISTRO, FECHA_ACTUALIZACION, SALDO, USUARIO, IP) VALUES ('18-12-7 0:6:18', '611-2-15 5:43:59', 46, 'JA6DHJHYOY', '7KNN9VAE6PPH4UG');

INSERT INTO CUENTA (FECHA_REGISTRO, FECHA_ACTUALIZACION, SALDO, USUARIO, IP) VALUES ('492-11-23 4:49:20', '685-11-22 6:32:27', 41, '2IJBV4YVRW', '1Q52JD S7HJ4EGG');

INSERT INTO CUENTA (FECHA_REGISTRO, FECHA_ACTUALIZACION, SALDO, USUARIO, IP) VALUES ('463-10-24 4:33:20', '585-5-22 5:34:23', 16, 'X0K V2UOXV', '03AUF8DAYRX962O');

INSERT INTO CUENTA (FECHA_REGISTRO, FECHA_ACTUALIZACION, SALDO, USUARIO, IP) VALUES ('1250-5-18 12:52:55', '119-11-29 1:16:31', 24, '7VIG0K98VS', 'YK910C83G6A3TYW');

INSERT INTO CUENTA (FECHA_REGISTRO, FECHA_ACTUALIZACION, SALDO, USUARIO, IP) VALUES ('1404-12-2 14:31:48', '917-12-3 8:53:24', 26, 'FXY6INRRFC', 'NTYPA0OKN5XVL1M');

INSERT INTO CUENTA (FECHA_REGISTRO, FECHA_ACTUALIZACION, SALDO, USUARIO, IP) VALUES ('1140-12-22 11:46:0', '557-11-7 5:25:38', 6, '6T4YUO7XLI', 'WJ 49CFTBL9VB5E');

INSERT INTO CUENTA (FECHA_REGISTRO, FECHA_ACTUALIZACION, SALDO, USUARIO, IP) VALUES ('1820-12-24 18:45:33', '1089-9-4 10:19:43', 22, 'MOBVNLW07S', '5X3SW24GAH7DECT');

INSERT INTO CUENTA (FECHA_REGISTRO, FECHA_ACTUALIZACION, SALDO, USUARIO, IP) VALUES ('211-3-21 2:2:12', '1170-6-24 11:6:8', 33, '74G0M8E2L4', '7C97UVK7B81AAA5');

INSERT INTO CUENTA (FECHA_REGISTRO, FECHA_ACTUALIZACION, SALDO, USUARIO, IP) VALUES ('1586-2-8 16:44:13', '251-4-1 2:17:56', 62, '6H4F0TIMP ', '9W3GVJJMRQLJR8F');

INSERT INTO CUENTA (FECHA_REGISTRO, FECHA_ACTUALIZACION, SALDO, USUARIO, IP) VALUES ('959-4-24 9:42:31', '1689-11-30 15:56:24', 34, '5BAN8HBET5', 'JUCKKVTUHVNG5PA');

INSERT INTO CUENTA (FECHA_REGISTRO, FECHA_ACTUALIZACION, SALDO, USUARIO, IP) VALUES ('1178-5-20 12:7:57', '1226-2-20 11:30:15', 50, '8 6NNVRMS2', 'NKY8M9PHBYDIXPO');

INSERT INTO CUENTA (FECHA_REGISTRO, FECHA_ACTUALIZACION, SALDO, USUARIO, IP) VALUES ('1051-10-7 10:45:24', '29-3-21 0:20:41', 40, '3E5P4FAQHG', 'WE K1XVCX8I8UPX');

INSERT INTO CUENTA (FECHA_REGISTRO, FECHA_ACTUALIZACION, SALDO, USUARIO, IP) VALUES ('947-1-8 9:35:50', '809-10-31 8:12:55', 9, ' 1V4OK8YB ', 'YG G Y30J823XD8');

INSERT INTO CUENTA (FECHA_REGISTRO, FECHA_ACTUALIZACION, SALDO, USUARIO, IP) VALUES ('1901-3-28 19:35:25', '1158-1-29 10:54:29', 48, '4QJXW3GGJF', 'BWAYP0CY VG5MDV');

INSERT INTO CUENTA (FECHA_REGISTRO, FECHA_ACTUALIZACION, SALDO, USUARIO, IP) VALUES ('782-2-16 7:37:41', '279-12-18 2:45:1', 76, 'HI9A48K5US', 'K6B8QD J7F3VYI2');

INSERT INTO CUENTA (FECHA_REGISTRO, FECHA_ACTUALIZACION, SALDO, USUARIO, IP) VALUES ('236-5-16 2:25:36', '1532-3-12 14:19:27', 32, 'XDY8Q20M M', 'EV N 6MQO63H1H4');

INSERT INTO CUENTA (FECHA_REGISTRO, FECHA_ACTUALIZACION, SALDO, USUARIO, IP) VALUES ('1613-9-25 16:50:42', '1774-3-6 16:48:30', 55, 'O7Y37FN4J3', 'UQPSLEXS38TYDVS');

INSERT INTO CUENTA (FECHA_REGISTRO, FECHA_ACTUALIZACION, SALDO, USUARIO, IP) VALUES ('1200-1-15 12:18:34', '235-3-24 2:5:53', 7, 'T34QPUJ68O', 'Q3ONLR2S9V7U1OM');

INSERT INTO CUENTA (FECHA_REGISTRO, FECHA_ACTUALIZACION, SALDO, USUARIO, IP) VALUES ('320-1-21 3:22:30', '1255-9-10 11:45:37', 19, 'N35KLY QXE', 'OBD6PA2XBH7167C');

INSERT INTO CUENTA (FECHA_REGISTRO, FECHA_ACTUALIZACION, SALDO, USUARIO, IP) VALUES ('835-11-2 8:13:16', '1821-3-15 17:17:56', 31, 'DU8Y 53FTT', 'NXLGQ9CWAXNRY5F');

INSERT INTO CUENTA (FECHA_REGISTRO, FECHA_ACTUALIZACION, SALDO, USUARIO, IP) VALUES ('1272-4-16 12:59:11', '1473-9-27 13:49:57', 43, 'YUD5K8U486', 'RMGALUIELFW5N8 ');

INSERT INTO CUENTA (FECHA_REGISTRO, FECHA_ACTUALIZACION, SALDO, USUARIO, IP) VALUES ('1150-10-16 11:57:10', '1889-10-3 18:11:36', 95, 'KWA6EXV2JH', '1GLXV POE7RAS8I');

INSERT INTO TELEFONOS (TIPO_TELEFONO_ID, TELEFONO) VALUES ('ST', '3182338737');

INSERT INTO TELEFONOS (TIPO_TELEFONO_ID, TELEFONO) VALUES ('MV', '3243256868');

INSERT INTO TELEFONOS (TIPO_TELEFONO_ID, TELEFONO) VALUES ('MV', '3249518379');

INSERT INTO TELEFONOS (TIPO_TELEFONO_ID, TELEFONO) VALUES ('FJ', '3175553752');

INSERT INTO TELEFONOS (TIPO_TELEFONO_ID, TELEFONO) VALUES ('MV', '3113678872');

INSERT INTO TELEFONOS (TIPO_TELEFONO_ID, TELEFONO) VALUES ('MV', '3215609919');

INSERT INTO TELEFONOS (TIPO_TELEFONO_ID, TELEFONO) VALUES ('MV', '3239181397');

INSERT INTO TELEFONOS (TIPO_TELEFONO_ID, TELEFONO) VALUES ('FJ', '3225090425');

INSERT INTO TELEFONOS (TIPO_TELEFONO_ID, TELEFONO) VALUES ('FJ', '3159103584');

INSERT INTO TELEFONOS (TIPO_TELEFONO_ID, TELEFONO) VALUES ('MV', '3146248257');

INSERT INTO TELEFONOS (TIPO_TELEFONO_ID, TELEFONO) VALUES ('FJ', '3219588133');

INSERT INTO TELEFONOS (TIPO_TELEFONO_ID, TELEFONO) VALUES ('FJ', '3210416434');

INSERT INTO TELEFONOS (TIPO_TELEFONO_ID, TELEFONO) VALUES ('MV', '3165834296');

INSERT INTO TELEFONOS (TIPO_TELEFONO_ID, TELEFONO) VALUES ('MV', '3196880900');

INSERT INTO TELEFONOS (TIPO_TELEFONO_ID, TELEFONO) VALUES ('MV', '3108112171');

INSERT INTO TELEFONOS (TIPO_TELEFONO_ID, TELEFONO) VALUES ('MV', '3230256987');

INSERT INTO TELEFONOS (TIPO_TELEFONO_ID, TELEFONO) VALUES ('FJ', '3148231407');

INSERT INTO TELEFONOS (TIPO_TELEFONO_ID, TELEFONO) VALUES ('MV', '3139610938');

INSERT INTO TELEFONOS (TIPO_TELEFONO_ID, TELEFONO) VALUES ('FJ', '3213573862');

INSERT INTO TELEFONOS (TIPO_TELEFONO_ID, TELEFONO) VALUES ('FJ', '3245447157');

INSERT INTO TELEFONOS (TIPO_TELEFONO_ID, TELEFONO) VALUES ('FJ', '3131852296');

INSERT INTO TELEFONOS (TIPO_TELEFONO_ID, TELEFONO) VALUES ('MV', '3207212119');

INSERT INTO TELEFONOS (TIPO_TELEFONO_ID, TELEFONO) VALUES ('MV', '3126842482');

INSERT INTO TELEFONOS (TIPO_TELEFONO_ID, TELEFONO) VALUES ('MV', '3169770754');

INSERT INTO TELEFONOS (TIPO_TELEFONO_ID, TELEFONO) VALUES ('MV', '3110649032');

INSERT INTO TELEFONOS (TIPO_TELEFONO_ID, TELEFONO) VALUES ('MV', '3132715171');

INSERT INTO TELEFONOS (TIPO_TELEFONO_ID, TELEFONO) VALUES ('FJ', '3114671247');

INSERT INTO TELEFONOS (TIPO_TELEFONO_ID, TELEFONO) VALUES ('MV', '3118265267');

INSERT INTO TELEFONOS (TIPO_TELEFONO_ID, TELEFONO) VALUES ('FJ', '3153404162');

INSERT INTO TELEFONOS (TIPO_TELEFONO_ID, TELEFONO) VALUES ('FJ', '3100000000');

INSERT INTO TELEFONOS (TIPO_TELEFONO_ID, TELEFONO) VALUES ('FJ', '3162025167');

INSERT INTO TELEFONOS (TIPO_TELEFONO_ID, TELEFONO) VALUES ('MV', '3124264263');

INSERT INTO TELEFONOS (TIPO_TELEFONO_ID, TELEFONO) VALUES ('MV', '3232329735');

INSERT INTO TELEFONOS (TIPO_TELEFONO_ID, TELEFONO) VALUES ('FJ', '3212322980');

INSERT INTO TELEFONOS (TIPO_TELEFONO_ID, TELEFONO) VALUES ('MV', '3186712156');

INSERT INTO TELEFONOS (TIPO_TELEFONO_ID, TELEFONO) VALUES ('FJ', '3109713694');

INSERT INTO TELEFONOS (TIPO_TELEFONO_ID, TELEFONO) VALUES ('MV', '3119943860');

INSERT INTO TELEFONOS (TIPO_TELEFONO_ID, TELEFONO) VALUES ('FJ', '3209283601');

INSERT INTO TELEFONOS (TIPO_TELEFONO_ID, TELEFONO) VALUES ('FJ', '3167427408');

INSERT INTO TELEFONOS (TIPO_TELEFONO_ID, TELEFONO) VALUES ('MV', '3247439848');

INSERT INTO TELEFONOS (TIPO_TELEFONO_ID, TELEFONO) VALUES ('FJ', '3220932375');

INSERT INTO TELEFONOS (TIPO_TELEFONO_ID, TELEFONO) VALUES ('FJ', '3202173444');

INSERT INTO TELEFONOS (TIPO_TELEFONO_ID, TELEFONO) VALUES ('MV', '3129729083');

INSERT INTO TELEFONOS (TIPO_TELEFONO_ID, TELEFONO) VALUES ('MV', '3116282645');

INSERT INTO TELEFONOS (TIPO_TELEFONO_ID, TELEFONO) VALUES ('MV', '3235148039');

INSERT INTO TELEFONOS (TIPO_TELEFONO_ID, TELEFONO) VALUES ('MV', '3168686031');

INSERT INTO TELEFONOS (TIPO_TELEFONO_ID, TELEFONO) VALUES ('MV', '3233776230');

INSERT INTO TELEFONOS (TIPO_TELEFONO_ID, TELEFONO) VALUES ('MV', '3222025950');

INSERT INTO TELEFONOS (TIPO_TELEFONO_ID, TELEFONO) VALUES ('FJ', '3224018606');

INSERT INTO TELEFONOS (TIPO_TELEFONO_ID, TELEFONO) VALUES ('FJ', '3140989145');

INSERT INTO TELEFONOS (TIPO_TELEFONO_ID, TELEFONO) VALUES ('FJ', '3150132127');

INSERT INTO TELEFONOS (TIPO_TELEFONO_ID, TELEFONO) VALUES ('FJ', '3103321776');

INSERT INTO TELEFONOS (TIPO_TELEFONO_ID, TELEFONO) VALUES ('FJ', '3200752373');

INSERT INTO TELEFONOS (TIPO_TELEFONO_ID, TELEFONO) VALUES ('FJ', '3229018441');

INSERT INTO TELEFONOS (TIPO_TELEFONO_ID, TELEFONO) VALUES ('MV', '3106537145');

INSERT INTO TELEFONOS (TIPO_TELEFONO_ID, TELEFONO) VALUES ('MV', '3241325793');

INSERT INTO TELEFONOS (TIPO_TELEFONO_ID, TELEFONO) VALUES ('FJ', '3144229555');

INSERT INTO TELEFONOS (TIPO_TELEFONO_ID, TELEFONO) VALUES ('FJ', '3122358519');

INSERT INTO TELEFONOS (TIPO_TELEFONO_ID, TELEFONO) VALUES ('MV', '3244128536');

INSERT INTO TELEFONOS (TIPO_TELEFONO_ID, TELEFONO) VALUES ('MV', '3173480223');

INSERT INTO TELEFONOS (TIPO_TELEFONO_ID, TELEFONO) VALUES ('FJ', '3101816529');

INSERT INTO TELEFONOS (TIPO_TELEFONO_ID, TELEFONO) VALUES ('FJ', '3130488728');

INSERT INTO TELEFONOS (TIPO_TELEFONO_ID, TELEFONO) VALUES ('FJ', '3180542858');

INSERT INTO TELEFONOS (TIPO_TELEFONO_ID, TELEFONO) VALUES ('FJ', '3177776925');

INSERT INTO TELEFONOS (TIPO_TELEFONO_ID, TELEFONO) VALUES ('MV', '3226931959');

INSERT INTO TELEFONOS (TIPO_TELEFONO_ID, TELEFONO) VALUES ('FJ', '3134762720');

INSERT INTO TELEFONOS (TIPO_TELEFONO_ID, TELEFONO) VALUES ('FJ', '3128096312');

INSERT INTO TELEFONOS (TIPO_TELEFONO_ID, TELEFONO) VALUES ('MV', '3138329413');

INSERT INTO TELEFONOS (TIPO_TELEFONO_ID, TELEFONO) VALUES ('MV', '3205470014');

INSERT INTO TELEFONOS (TIPO_TELEFONO_ID, TELEFONO) VALUES ('MV', '3184480162');

INSERT INTO TELEFONOS (TIPO_TELEFONO_ID, TELEFONO) VALUES ('FJ', '3105545832');

INSERT INTO TELEFONOS (TIPO_TELEFONO_ID, TELEFONO) VALUES ('MV', '3188689571');

INSERT INTO TELEFONOS (TIPO_TELEFONO_ID, TELEFONO) VALUES ('FJ', '3163956367');

INSERT INTO TELEFONOS (TIPO_TELEFONO_ID, TELEFONO) VALUES ('MV', '3171957963');

INSERT INTO TELEFONOS (TIPO_TELEFONO_ID, TELEFONO) VALUES ('FJ', '3191345386');

INSERT INTO TELEFONOS (TIPO_TELEFONO_ID, TELEFONO) VALUES ('FJ', '3111777721');

INSERT INTO TELEFONOS (TIPO_TELEFONO_ID, TELEFONO) VALUES ('MV', '3198864096');

INSERT INTO TELEFONOS (TIPO_TELEFONO_ID, TELEFONO) VALUES ('MV', '3179711927');

INSERT INTO TELEFONOS (TIPO_TELEFONO_ID, TELEFONO) VALUES ('FJ', '3121343016');

INSERT INTO TELEFONOS (TIPO_TELEFONO_ID, TELEFONO) VALUES ('FJ', '3157531597');

INSERT INTO TELEFONOS (TIPO_TELEFONO_ID, TELEFONO) VALUES ('FJ', '3217412454');

INSERT INTO TELEFONOS (TIPO_TELEFONO_ID, TELEFONO) VALUES ('MV', '3151431715');

INSERT INTO TELEFONOS (TIPO_TELEFONO_ID, TELEFONO) VALUES ('FJ', '3136799170');

INSERT INTO TELEFONOS (TIPO_TELEFONO_ID, TELEFONO) VALUES ('FJ', '3174404775');

INSERT INTO TELEFONOS (TIPO_TELEFONO_ID, TELEFONO) VALUES ('MV', '3165053642');

INSERT INTO TELEFONOS (TIPO_TELEFONO_ID, TELEFONO) VALUES ('MV', '3203697939');

INSERT INTO TELEFONOS (TIPO_TELEFONO_ID, TELEFONO) VALUES ('FJ', '3142799878');

INSERT INTO TELEFONOS (TIPO_TELEFONO_ID, TELEFONO) VALUES ('FJ', '3125449838');

INSERT INTO TELEFONOS (TIPO_TELEFONO_ID, TELEFONO) VALUES ('FJ', '3192434240');

INSERT INTO TELEFONOS (TIPO_TELEFONO_ID, TELEFONO) VALUES ('MV', '3189760554');

INSERT INTO TELEFONOS (TIPO_TELEFONO_ID, TELEFONO) VALUES ('MV', '3104414045');

INSERT INTO TELEFONOS (TIPO_TELEFONO_ID, TELEFONO) VALUES ('MV', '3160081567');

INSERT INTO TELEFONOS (TIPO_TELEFONO_ID, TELEFONO) VALUES ('MV', '3155330841');

INSERT INTO TELEFONOS (TIPO_TELEFONO_ID, TELEFONO) VALUES ('MV', '3237223341');

INSERT INTO TELEFONOS (TIPO_TELEFONO_ID, TELEFONO) VALUES ('FJ', '3194648417');

INSERT INTO TELEFONOS (TIPO_TELEFONO_ID, TELEFONO) VALUES ('MV', '3182338737');

INSERT INTO TELEFONOS (TIPO_TELEFONO_ID, TELEFONO) VALUES ('MV', '3243256868');

INSERT INTO TELEFONOS (TIPO_TELEFONO_ID, TELEFONO) VALUES ('FJ', '3249518379');

INSERT INTO TELEFONOS (TIPO_TELEFONO_ID, TELEFONO) VALUES ('MV', '3175553752');

INSERT INTO TELEFONOS (TIPO_TELEFONO_ID, TELEFONO) VALUES ('FJ', '3113678872');

INSERT INTO EMAILS (ID, EMAIL) VALUES (47, 'CKELLER7L@BOSTON.COM');

INSERT INTO EMAILS (ID, EMAIL) VALUES (33, 'AOREILLY7M@GNU.ORG');

INSERT INTO EMAILS (ID, EMAIL) VALUES (91, 'HARSEY7N@MSU.EDU');

INSERT INTO EMAILS (ID, EMAIL) VALUES (54, 'CPLASKETT7O@USNEWS.COM');

INSERT INTO EMAILS (ID, EMAIL) VALUES (86, 'UPEACE7P@EXBLOG.JP');

INSERT INTO EMAILS (ID, EMAIL) VALUES (37, 'HMARGERRISON7Q@UMN.EDU');

INSERT INTO EMAILS (ID, EMAIL) VALUES (22, 'GDIMELOW7R@PHPBB.COM');

INSERT INTO EMAILS (ID, EMAIL) VALUES (87, 'JDUNDON7S@BIBLEGATEWAY.COM');

INSERT INTO EMAILS (ID, EMAIL) VALUES (18, 'CSHILLIDAY7T@SOUNDCLOUD.COM');

INSERT INTO EMAILS (ID, EMAIL) VALUES (6, 'GCAWDELL7U@GOOGLE.FR');

INSERT INTO EMAILS (ID, EMAIL) VALUES (49, 'HGIAN7V@YOUKU.COM');

INSERT INTO EMAILS (ID, EMAIL) VALUES (67, 'CMACCROSSON7W@LULU.COM');

INSERT INTO EMAILS (ID, EMAIL) VALUES (83, 'DMATHERS7X@CPANEL.NET');

INSERT INTO EMAILS (ID, EMAIL) VALUES (77, 'GBENGER7Y@NPS.GOV');

INSERT INTO EMAILS (ID, EMAIL) VALUES (78, 'BDABELL7Z@GOOGLE.FR');

INSERT INTO EMAILS (ID, EMAIL) VALUES (30, 'YLAIDLOW80@SLIDESHARE.NET');

INSERT INTO EMAILS (ID, EMAIL) VALUES (85, 'LBREDES81@NPS.GOV');

INSERT INTO EMAILS (ID, EMAIL) VALUES (62, 'DMENENDEZ82@WIKIPEDIA.ORG');

INSERT INTO EMAILS (ID, EMAIL) VALUES (38, 'OOUTRIDGE83@TELEGRAPH.CO.UK');

INSERT INTO EMAILS (ID, EMAIL) VALUES (39, 'AQUILKIN84@IMGUR.COM');

INSERT INTO EMAILS (ID, EMAIL) VALUES (24, 'EMCKERRON85@REFERENCE.COM');

INSERT INTO EMAILS (ID, EMAIL) VALUES (12, 'ABITHANY86@INFOSEEK.CO.JP');

INSERT INTO EMAILS (ID, EMAIL) VALUES (58, 'SGONNING87@ARCHIVE.ORG');

INSERT INTO EMAILS (ID, EMAIL) VALUES (34, 'OARTINSTALL88@PRLOG.ORG');

INSERT INTO EMAILS (ID, EMAIL) VALUES (14, 'KBRUGDEN89@YCOMBINATOR.COM');

INSERT INTO EMAILS (ID, EMAIL) VALUES (26, 'MIVANCHIKOV8A@UTEXAS.EDU');

INSERT INTO EMAILS (ID, EMAIL) VALUES (48, 'NGOLDBOURN8B@REDCROSS.ORG');

INSERT INTO EMAILS (ID, EMAIL) VALUES (25, 'MGALLOP8C@WORDPRESS.COM');

INSERT INTO EMAILS (ID, EMAIL) VALUES (80, 'SFERNELY8D@GOO.GL');

INSERT INTO EMAILS (ID, EMAIL) VALUES (70, 'TEDMANDS8E@AMAZON.COM');

INSERT INTO EMAILS (ID, EMAIL) VALUES (82, 'DSTROTHER8F@UTEXAS.EDU');

INSERT INTO EMAILS (ID, EMAIL) VALUES (65, 'GMCNEA8G@REDCROSS.ORG');

INSERT INTO EMAILS (ID, EMAIL) VALUES (10, 'FQUAINTON8H@UNBLOG.FR');

INSERT INTO EMAILS (ID, EMAIL) VALUES (90, 'GFOOKS8I@INDIATIMES.COM');

INSERT INTO EMAILS (ID, EMAIL) VALUES (9, 'DCZAJKOWSKA8J@NASA.GOV');

INSERT INTO EMAILS (ID, EMAIL) VALUES (89, 'TYURYGYN8K@CAFEPRESS.COM');

INSERT INTO EMAILS (ID, EMAIL) VALUES (66, 'HTOOBY8L@SOURCEFORGE.NET');

INSERT INTO EMAILS (ID, EMAIL) VALUES (2, 'RDOOLE8M@NYMAG.COM');

INSERT INTO EMAILS (ID, EMAIL) VALUES (81, 'GCHAIM8N@OPERA.COM');

INSERT INTO EMAILS (ID, EMAIL) VALUES (17, 'MWISDOM8O@PATCH.COM');

INSERT INTO EMAILS (ID, EMAIL) VALUES (53, 'SPHILIPPET8P@PRLOG.ORG');

INSERT INTO EMAILS (ID, EMAIL) VALUES (73, 'TPAULTON8Q@BUSINESSWIRE.COM');

INSERT INTO EMAILS (ID, EMAIL) VALUES (79, 'ARHYDDERCH8R@FC2.COM');

INSERT INTO EMAILS (ID, EMAIL) VALUES (72, 'DLIVEN8S@IFENG.COM');

INSERT INTO EMAILS (ID, EMAIL) VALUES (21, 'KFOXALL8T@CHRONOENGINE.COM');

INSERT INTO EMAILS (ID, EMAIL) VALUES (40, 'HBEDINHAM8U@BAIDU.COM');

INSERT INTO EMAILS (ID, EMAIL) VALUES (3, 'MMCGLOIN8V@MERRIAM-WEBSTER.COM');

INSERT INTO EMAILS (ID, EMAIL) VALUES (99, 'CPULEQUE8W@REDCROSS.ORG');

INSERT INTO EMAILS (ID, EMAIL) VALUES (55, 'CTENNISON8X@DMOZ.ORG');

INSERT INTO EMAILS (ID, EMAIL) VALUES (98, 'BWINGFIELD8Y@WASHINGTON.EDU');

INSERT INTO EMAILS (ID, EMAIL) VALUES (68, 'ABALLARD8Z@UPENN.EDU');

INSERT INTO EMAILS (ID, EMAIL) VALUES (42, 'NBIKKER90@FORBES.COM');

INSERT INTO EMAILS (ID, EMAIL) VALUES (50, 'CTRYTHALL91@SINA.COM.CN');

INSERT INTO EMAILS (ID, EMAIL) VALUES (95, 'RBOWERS92@JIGSY.COM');

INSERT INTO EMAILS (ID, EMAIL) VALUES (4, 'MGREATREAX93@GOO.NE.JP');

INSERT INTO EMAILS (ID, EMAIL) VALUES (60, 'RGALIER94@CMU.EDU');

INSERT INTO EMAILS (ID, EMAIL) VALUES (35, 'BMCGREY95@TRIPADVISOR.COM');

INSERT INTO EMAILS (ID, EMAIL) VALUES (56, 'ATABART96@PHOCA.CZ');

INSERT INTO EMAILS (ID, EMAIL) VALUES (71, 'KSCAD97@SHUTTERFLY.COM');

INSERT INTO EMAILS (ID, EMAIL) VALUES (5, 'SPHELP98@APACHE.ORG');

INSERT INTO EMAILS (ID, EMAIL) VALUES (19, 'JBARBROOK99@PCWORLD.COM');

INSERT INTO EMAILS (ID, EMAIL) VALUES (97, 'WLEITCHE9A@RAMBLER.RU');

INSERT INTO EMAILS (ID, EMAIL) VALUES (36, 'HLAWSON9B@VIRGINIA.EDU');

INSERT INTO EMAILS (ID, EMAIL) VALUES (64, 'BGILLICE9C@FOXNEWS.COM');

INSERT INTO EMAILS (ID, EMAIL) VALUES (8, 'BBROSEL9D@HHS.GOV');

INSERT INTO EMAILS (ID, EMAIL) VALUES (94, 'BGOATER9E@ED.GOV');

INSERT INTO EMAILS (ID, EMAIL) VALUES (96, 'KMEADWAY9F@INDIEGOGO.COM');

INSERT INTO EMAILS (ID, EMAIL) VALUES (93, 'BOKELLEHER9G@DELICIOUS.COM');

INSERT INTO EMAILS (ID, EMAIL) VALUES (13, 'JPLANE9H@CAM.AC.UK');

INSERT INTO EMAILS (ID, EMAIL) VALUES (0, 'JGRISEDALE9I@SI.EDU');

INSERT INTO EMAILS (ID, EMAIL) VALUES (7, 'MPEIRCE9J@NBCNEWS.COM');

INSERT INTO EMAILS (ID, EMAIL) VALUES (1, 'LOCCLESHAW9K@TRELLIAN.COM');

INSERT INTO EMAILS (ID, EMAIL) VALUES (92, 'OHARDING9L@COMSENZ.COM');

INSERT INTO EMAILS (ID, EMAIL) VALUES (69, 'CASSON9M@WIKIA.COM');

INSERT INTO EMAILS (ID, EMAIL) VALUES (44, 'DPUCKNELL9N@COMSENZ.COM');

INSERT INTO EMAILS (ID, EMAIL) VALUES (29, 'CBUGGY9O@CORNELL.EDU');

INSERT INTO EMAILS (ID, EMAIL) VALUES (31, 'MLOYLEY9P@REUTERS.COM');

INSERT INTO EMAILS (ID, EMAIL) VALUES (63, 'IHARDER9Q@GOO.GL');

INSERT INTO EMAILS (ID, EMAIL) VALUES (76, 'KCAPRON9R@SCIENCEDAILY.COM');

INSERT INTO EMAILS (ID, EMAIL) VALUES (23, 'ADOWNER9S@CHRON.COM');

INSERT INTO EMAILS (ID, EMAIL) VALUES (84, 'LGRIGGS9T@ACQUIRETHISNAME.COM');

INSERT INTO EMAILS (ID, EMAIL) VALUES (45, 'DJODLKOWSKI9U@HOUSE.GOV');

INSERT INTO EMAILS (ID, EMAIL) VALUES (27, 'APATCHETT9V@GOOGLE.NL');

INSERT INTO EMAILS (ID, EMAIL) VALUES (52, 'YJAHNDEL9W@SURVEYMONKEY.COM');

INSERT INTO EMAILS (ID, EMAIL) VALUES (11, 'JSAURIN9X@YALE.EDU');

INSERT INTO EMAILS (ID, EMAIL) VALUES (59, 'KHOLDWORTH9Y@MEETUP.COM');

INSERT INTO EMAILS (ID, EMAIL) VALUES (15, 'GKLEMT9Z@E-RECHT24.DE');

INSERT INTO EMAILS (ID, EMAIL) VALUES (32, 'JSTIFFKINSA0@W3.ORG');

INSERT INTO EMAILS (ID, EMAIL) VALUES (43, 'RGANDERSA1@WUNDERGROUND.COM');

INSERT INTO EMAILS (ID, EMAIL) VALUES (16, 'SELGEEA2@MIT.EDU');

INSERT INTO EMAILS (ID, EMAIL) VALUES (46, 'ISLEEA3@CHRON.COM');

INSERT INTO EMAILS (ID, EMAIL) VALUES (57, 'TMAMMATTA4@CPANEL.NET');

INSERT INTO EMAILS (ID, EMAIL) VALUES (74, 'GHEERANA5@BOSTON.COM');

INSERT INTO EMAILS (ID, EMAIL) VALUES (51, 'CBOOCOCKA6@ARCHIVE.ORG');

INSERT INTO EMAILS (ID, EMAIL) VALUES (61, 'CPORTEA7@HHS.GOV');

INSERT INTO EMAILS (ID, EMAIL) VALUES (41, 'TGRADLEYA8@AMAZONAWS.COM');

INSERT INTO EMAILS (ID, EMAIL) VALUES (28, 'CGWATKINSA9@PRINTFRIENDLY.COM');

INSERT INTO EMAILS (ID, EMAIL) VALUES (75, 'JGUILDAA@MACROMEDIA.COM');

INSERT INTO EMAILS (ID, EMAIL) VALUES (20, 'WBROODESAB@CBSNEWS.COM');

INSERT INTO EMAILS (ID, EMAIL) VALUES (88, 'RDERUGGIEROAC@WEATHER.COM');

INSERT INTO CUENTA_LOGS (FECHA_HORA, FECHA_REGISTRO, FECHA_ACTUALIZACIO, SALDO, USUARIO, IP) VALUES ('1765-3-27 17:31:59', '315-8-18 3:16:34', '659-1-28 6:24:41', 83, 'RH69KVPQTT', 'PMI7YSJPNX5E2MU');

INSERT INTO CUENTA_LOGS (FECHA_HORA, FECHA_REGISTRO, FECHA_ACTUALIZACIO, SALDO, USUARIO, IP) VALUES ('579-3-24 6:4:25', '487-4-25 5:0:10', '1571-3-8 17:10:53', 8, 'PSU15D5833', 'VLEWLLMAMV Y11R');

INSERT INTO CUENTA_LOGS (FECHA_HORA, FECHA_REGISTRO, FECHA_ACTUALIZACIO, SALDO, USUARIO, IP) VALUES ('1557-11-15 15:40:48', '1535-5-20 14:34:46', '736-8-22 7:33:10', 84, 'V 6GYFO8AT', '009CAJPVE4PI805');

INSERT INTO CUENTA_LOGS (FECHA_HORA, FECHA_REGISTRO, FECHA_ACTUALIZACIO, SALDO, USUARIO, IP) VALUES ('1067-5-3 10:46:30', '1679-3-16 15:57:29', '69-12-13 0:54:55', 87, 'VC5EADFC H', 'QSWDVH31G1L0Y P');

INSERT INTO CUENTA_LOGS (FECHA_HORA, FECHA_REGISTRO, FECHA_ACTUALIZACIO, SALDO, USUARIO, IP) VALUES ('1491-8-2 14:57:11', '415-8-22 4:15:3', '1504-7-5 16:26:18', 45, 'MX4K89RW6Q', 'RW31O9Q9PXMR JX');

INSERT INTO CUENTA_LOGS (FECHA_HORA, FECHA_REGISTRO, FECHA_ACTUALIZACIO, SALDO, USUARIO, IP) VALUES ('914-7-28 9:10:10', '757-10-17 7:40:30', '1427-4-19 15:19:27', 29, 'IGEKFY3TU2', 'XQKRP4U3WGF7LOR');

INSERT INTO CUENTA_LOGS (FECHA_HORA, FECHA_REGISTRO, FECHA_ACTUALIZACIO, SALDO, USUARIO, IP) VALUES ('985-2-12 9:37:31', '1449-10-24 13:41:19', '1686-4-8 18:20:43', 76, '1HAN8AR72X', 'GTF50FYDNA59H6N');

INSERT INTO CUENTA_LOGS (FECHA_HORA, FECHA_REGISTRO, FECHA_ACTUALIZACIO, SALDO, USUARIO, IP) VALUES ('1939-8-31 19:21:56', '1743-7-19 16:43:12', '994-6-17 9:50:6', 85, 'UL25SEMCKH', 'P9JCRN7A2IOPH1 ');

INSERT INTO CUENTA_LOGS (FECHA_HORA, FECHA_REGISTRO, FECHA_ACTUALIZACIO, SALDO, USUARIO, IP) VALUES ('566-2-26 5:54:17', '634-4-12 6:37:6', '1801-12-31 19:38:45', 70, '6EWJV8Q382', 'LCKSXLNXH 33QK2');

INSERT INTO CUENTA_LOGS (FECHA_HORA, FECHA_REGISTRO, FECHA_ACTUALIZACIO, SALDO, USUARIO, IP) VALUES ('1394-3-5 13:50:8', '1275-12-19 12:4:0', '706-11-18 7:4:7', 30, '1REW4TIX36', 'X9M9N8OE5SCUC8N');

INSERT INTO CUENTA_LOGS (FECHA_HORA, FECHA_REGISTRO, FECHA_ACTUALIZACIO, SALDO, USUARIO, IP) VALUES ('1780-3-17 17:47:45', '112-1-23 1:11:30', '1030-9-24 10:21:15', 26, 'XXROXG2X6E', '57703IWNMBCP081');

INSERT INTO CUENTA_LOGS (FECHA_HORA, FECHA_REGISTRO, FECHA_ACTUALIZACIO, SALDO, USUARIO, IP) VALUES ('1081-5-13 10:54:52', '1693-12-23 16:11:46', '797-3-8 8:4:4', 10, '623CP8WRL8', ' OLQPR4391KURS9');

INSERT INTO CUENTA_LOGS (FECHA_HORA, FECHA_REGISTRO, FECHA_ACTUALIZACIO, SALDO, USUARIO, IP) VALUES ('130-7-17 1:26:35', '1-1-1 0:0:0', '1630-3-22 18:0:59', 71, ' 92KVVDXOX', 'RIYTD6WCJFYI3SI');

INSERT INTO CUENTA_LOGS (FECHA_HORA, FECHA_REGISTRO, FECHA_ACTUALIZACIO, SALDO, USUARIO, IP) VALUES ('670-10-16 6:42:29', '359-1-10 3:38:24', '1302-2-14 13:41:15', 99, '1O C6160C3', ' 9VQU2B74CJ2BOY');

INSERT INTO CUENTA_LOGS (FECHA_HORA, FECHA_REGISTRO, FECHA_ACTUALIZACIO, SALDO, USUARIO, IP) VALUES ('350-9-16 3:58:15', '1220-12-8 11:34:18', '1222-7-6 12:27:14', 52, '4WXY5T98LB', 'RSDWT1BK8N65J7T');

INSERT INTO CUENTA_LOGS (FECHA_HORA, FECHA_REGISTRO, FECHA_ACTUALIZACIO, SALDO, USUARIO, IP) VALUES ('538-3-1 5:40:46', '1205-2-3 11:18:35', '1270-6-22 13:15:56', 89, 'DYRARNTCT0', '80F3SG7  LMS4N3');

INSERT INTO CUENTA_LOGS (FECHA_HORA, FECHA_REGISTRO, FECHA_ACTUALIZACIO, SALDO, USUARIO, IP) VALUES ('466-12-15 4:56:15', '574-3-17 5:56:19', '382-11-21 3:52:45', 75, 'V5OTT1SXST', 'VTT8PJGX B6SIA8');

INSERT INTO CUENTA_LOGS (FECHA_HORA, FECHA_REGISTRO, FECHA_ACTUALIZACIO, SALDO, USUARIO, IP) VALUES ('1546-4-18 15:33:58', '515-9-19 5:11:52', '506-11-16 5:11:6', 38, 'O33YHGBK4D', 'A44PNAK8XE9HSGU');

INSERT INTO CUENTA_LOGS (FECHA_HORA, FECHA_REGISTRO, FECHA_ACTUALIZACIO, SALDO, USUARIO, IP) VALUES ('1707-6-7 17:0:15', '59-5-6 0:38:4', '404-6-2 3:58:52', 51, 'GF6IO1OC R', 'R0GYYUH V8SL 4P');

INSERT INTO CUENTA_LOGS (FECHA_HORA, FECHA_REGISTRO, FECHA_ACTUALIZACIO, SALDO, USUARIO, IP) VALUES ('171-9-13 2:3:42', '1240-10-10 11:43:57', '1655-2-18 18:7:9', 23, '5SMUX2MSUE', 'P0ACCPKYWFNV4B0');

INSERT INTO CUENTA_LOGS (FECHA_HORA, FECHA_REGISTRO, FECHA_ACTUALIZACIO, SALDO, USUARIO, IP) VALUES ('420-2-8 4:37:54', '1088-6-6 10:18:56', '366-10-5 3:42:47', 80, '8LTNKYLB7J', '30O22H2RR6YJNK3');

INSERT INTO CUENTA_LOGS (FECHA_HORA, FECHA_REGISTRO, FECHA_ACTUALIZACIO, SALDO, USUARIO, IP) VALUES ('109-8-6 0:55:37', '437-9-15 4:23:3', '1382-3-10 14:59:12', 32, 'AUOO9F24FI', 'MIVT2EFTF8GAF1O');

INSERT INTO CUENTA_LOGS (FECHA_HORA, FECHA_REGISTRO, FECHA_ACTUALIZACIO, SALDO, USUARIO, IP) VALUES ('120-8-27 1:9:54', '1379-5-27 12:56:0', '138-3-29 1:28:19', 74, '0VIMD3PPYI', 'BXWWM28NABQNTDF');

INSERT INTO CUENTA_LOGS (FECHA_HORA, FECHA_REGISTRO, FECHA_ACTUALIZACIO, SALDO, USUARIO, IP) VALUES ('1691-2-28 16:48:33', '1612-4-6 15:24:56', '482-11-14 4:56:28', 19, 'SNII22DL3L', '55K94AFN4NS177 ');

INSERT INTO CUENTA_LOGS (FECHA_HORA, FECHA_REGISTRO, FECHA_ACTUALIZACIO, SALDO, USUARIO, IP) VALUES ('1243-12-7 12:8:44', '452-4-21 4:37:21', '1241-8-8 12:45:14', 56, 'LAUBJXH6 Q', '2SYYQ482FH6YDF2');

INSERT INTO CUENTA_LOGS (FECHA_HORA, FECHA_REGISTRO, FECHA_ACTUALIZACIO, SALDO, USUARIO, IP) VALUES ('1925-9-28 19:13:51', '1064-9-14 10:10:42', '1202-2-28 12:14:31', 7, 'ICYTFWJQ3M', '8NULMTUKNQ 2MOX');

INSERT INTO CUENTA_LOGS (FECHA_HORA, FECHA_REGISTRO, FECHA_ACTUALIZACIO, SALDO, USUARIO, IP) VALUES ('1452-6-18 14:30:12', '155-8-19 1:38:53', '757-7-18 7:45:38', 59, '2HVPX09YO9', 'UR43RFX53LCEKM9');

INSERT INTO CUENTA_LOGS (FECHA_HORA, FECHA_REGISTRO, FECHA_ACTUALIZACIO, SALDO, USUARIO, IP) VALUES ('221-9-1 2:41:37', '99-10-28 1:0:14', '21-4-21 0:11:45', 31, 'P1 JVRDNMW', 'UCDMB9VYESCJLGK');

INSERT INTO CUENTA_LOGS (FECHA_HORA, FECHA_REGISTRO, FECHA_ACTUALIZACIO, SALDO, USUARIO, IP) VALUES ('1056-9-27 10:31:39', '705-9-29 7:9:14', '1013-10-4 10:5:5', 69, 'CP62 58B0V', '2J973LJBO23LKFE');

INSERT INTO CUENTA_LOGS (FECHA_HORA, FECHA_REGISTRO, FECHA_ACTUALIZACIO, SALDO, USUARIO, IP) VALUES ('734-6-22 7:17:17', '1252-9-15 11:57:43', '1370-11-5 14:45:42', 64, 'KPR3GGB09R', 'UP06U50T1EYWYFE');

INSERT INTO CUENTA_LOGS (FECHA_HORA, FECHA_REGISTRO, FECHA_ACTUALIZACIO, SALDO, USUARIO, IP) VALUES ('1678-4-27 16:33:0', '247-7-5 2:35:19', '1616-9-4 17:51:24', 50, 'FMFDVYH4KE', 'L5B7D5CC13YTWE0');

INSERT INTO CUENTA_LOGS (FECHA_HORA, FECHA_REGISTRO, FECHA_ACTUALIZACIO, SALDO, USUARIO, IP) VALUES ('1321-4-29 12:59:7', '1477-10-13 14:4:17', '1760-1-19 19:11:58', 44, '7F4X7146XT', '2FAFM2PXBVBEYLR');

INSERT INTO CUENTA_LOGS (FECHA_HORA, FECHA_REGISTRO, FECHA_ACTUALIZACIO, SALDO, USUARIO, IP) VALUES ('158-5-6 1:51:54', '393-3-28 3:58:12', '1447-9-10 15:34:32', 43, 'EAUW3BA7BY', 'KVBPAIWDU42LVM6');

INSERT INTO CUENTA_LOGS (FECHA_HORA, FECHA_REGISTRO, FECHA_ACTUALIZACIO, SALDO, USUARIO, IP) VALUES ('283-5-24 3:16:31', '1796-3-8 17:15:0', '717-8-27 7:18:48', 2, '33BCU58CMS', 'F1GYTQOJBPQ4SS7');

INSERT INTO CUENTA_LOGS (FECHA_HORA, FECHA_REGISTRO, FECHA_ACTUALIZACIO, SALDO, USUARIO, IP) VALUES ('400-4-24 4:31:52', '1393-11-3 13:13:4', '807-6-1 8:10:20', 14, '7KEEQ4SMFV', '9OVNJYFACQ9TU4H');

INSERT INTO CUENTA_LOGS (FECHA_HORA, FECHA_REGISTRO, FECHA_ACTUALIZACIO, SALDO, USUARIO, IP) VALUES ('1660-12-9 16:24:53', '1408-3-16 13:21:10', '1545-11-30 16:58:9', 46, 'RKDN45A3S1', 'QCNKWW7722R1XH9');

INSERT INTO CUENTA_LOGS (FECHA_HORA, FECHA_REGISTRO, FECHA_ACTUALIZACIO, SALDO, USUARIO, IP) VALUES ('1375-1-14 13:38:46', '1367-11-22 12:44:18', '853-11-8 8:33:8', 67, 'XQQQL67GEU', 'RF6STOPFK1Y9YVE');

INSERT INTO CUENTA_LOGS (FECHA_HORA, FECHA_REGISTRO, FECHA_ACTUALIZACIO, SALDO, USUARIO, IP) VALUES ('190-12-18 2:16:42', '381-5-7 3:48:43', '1345-7-21 14:13:35', 24, '0560YIQDWT', 'SSB598FVY46BU6K');

INSERT INTO CUENTA_LOGS (FECHA_HORA, FECHA_REGISTRO, FECHA_ACTUALIZACIO, SALDO, USUARIO, IP) VALUES ('321-12-13 3:42:15', '235-7-18 2:29:7', '44-6-29 0:22:28', 48, 'U6D7O9YO J', 'C9UGIYEF56DJDHS');

INSERT INTO CUENTA_LOGS (FECHA_HORA, FECHA_REGISTRO, FECHA_ACTUALIZACIO, SALDO, USUARIO, IP) VALUES ('767-6-19 7:46:28', '473-6-24 4:49:10', '548-5-11 5:24:54', 94, 'VVPRA1PTQP', 'SLTYS9HJ7UMC L8');

INSERT INTO CUENTA_LOGS (FECHA_HORA, FECHA_REGISTRO, FECHA_ACTUALIZACIO, SALDO, USUARIO, IP) VALUES ('296-4-16 3:32:45', '733-4-13 7:23:1', '225-8-19 2:25:49', 49, 'XULPNMMH8Y', '47XP33RXADT0O50');

INSERT INTO CUENTA_LOGS (FECHA_HORA, FECHA_REGISTRO, FECHA_ACTUALIZACIO, SALDO, USUARIO, IP) VALUES ('211-6-1 2:32:1', '1919-8-7 18:22:33', '127-3-10 1:19:4', 78, 'QS5TFD 3WE', 'GOA236HI4KP7NP2');

INSERT INTO CUENTA_LOGS (FECHA_HORA, FECHA_REGISTRO, FECHA_ACTUALIZACIO, SALDO, USUARIO, IP) VALUES ('1038-5-7 10:17:27', '1558-1-1 14:48:4', '1858-3-1 20:18:49', 12, 'W2HJ9GAVF5', '4QYFD2RCN4FW587');

INSERT INTO CUENTA_LOGS (FECHA_HORA, FECHA_REGISTRO, FECHA_ACTUALIZACIO, SALDO, USUARIO, IP) VALUES ('1219-12-19 12:1:52', '169-4-16 1:54:15', '1531-12-23 16:41:11', 9, 'BXP663N356', 'K20D8KKK0QUNVHO');

INSERT INTO CUENTA_LOGS (FECHA_HORA, FECHA_REGISTRO, FECHA_ACTUALIZACIO, SALDO, USUARIO, IP) VALUES ('1357-12-14 13:23:1', '1176-6-1 11:5:7', '680-2-7 6:36:58', 13, 'Q2TUMNL7CQ', 'A38ASHJNK1RHSUR');

INSERT INTO CUENTA_LOGS (FECHA_HORA, FECHA_REGISTRO, FECHA_ACTUALIZACIO, SALDO, USUARIO, IP) VALUES ('747-8-22 7:29:41', '1820-8-20 17:23:20', '576-5-25 5:34:38', 96, 'YEC0CW5PS0', 'K9IG9WII6W3M NY');

INSERT INTO CUENTA_LOGS (FECHA_HORA, FECHA_REGISTRO, FECHA_ACTUALIZACIO, SALDO, USUARIO, IP) VALUES ('1194-3-18 11:51:16', '291-9-24 2:59:31', '534-7-28 5:17:8', 21, 'HBG5B1HYSW', 'YVA3H8GMQOJNJ78');

INSERT INTO CUENTA_LOGS (FECHA_HORA, FECHA_REGISTRO, FECHA_ACTUALIZACIO, SALDO, USUARIO, IP) VALUES ('485-7-18 5:7:20', '1505-6-22 14:17:21', '287-8-14 3:4:31', 33, '6 D8DHLNAD', '8LG5I A4HCQLF9R');

INSERT INTO CUENTA_LOGS (FECHA_HORA, FECHA_REGISTRO, FECHA_ACTUALIZACIO, SALDO, USUARIO, IP) VALUES ('514-8-10 5:28:52', '30-6-2 0:16:57', '431-3-26 4:14:38', 53, '9KMJLQA5 L', 'FNQ08KBCRNPO56X');

INSERT INTO CUENTA_LOGS (FECHA_HORA, FECHA_REGISTRO, FECHA_ACTUALIZACIO, SALDO, USUARIO, IP) VALUES ('885-3-31 9:3:45', '1043-12-28 9:59:40', '1045-6-24 10:35:46', 88, 'GUKFWN2D U', 'OV28YOTRLDLLTY0');

INSERT INTO CUENTA_LOGS (FECHA_HORA, FECHA_REGISTRO, FECHA_ACTUALIZACIO, SALDO, USUARIO, IP) VALUES ('443-9-10 4:47:45', '812-10-11 8:4:8', '1167-10-21 11:43:41', 22, 'S24PYLMTHO', 'DUR3KJOB54V66SK');

INSERT INTO CUENTA_LOGS (FECHA_HORA, FECHA_REGISTRO, FECHA_ACTUALIZACIO, SALDO, USUARIO, IP) VALUES ('844-4-23 8:37:30', '658-12-12 6:48:6', '444-10-8 4:31:38', 66, '1 4N2HWDEY', 'TDCNFY GY64N6CV');

INSERT INTO CUENTA_LOGS (FECHA_HORA, FECHA_REGISTRO, FECHA_ACTUALIZACIO, SALDO, USUARIO, IP) VALUES ('265-11-29 2:59:54', '78-1-26 0:47:44', '313-11-16 3:17:37', 20, 'VGF7I02VP9', '2IVHPDC3XJTKA7R');

INSERT INTO CUENTA_LOGS (FECHA_HORA, FECHA_REGISTRO, FECHA_ACTUALIZACIO, SALDO, USUARIO, IP) VALUES ('1-1-1 0:0:0', '48-5-13 0:30:27', '691-4-4 6:48:15', 60, ' 5WCX7H50Q', 'BKIYB8LM7FEF8TC');

INSERT INTO CUENTA_LOGS (FECHA_HORA, FECHA_REGISTRO, FECHA_ACTUALIZACIO, SALDO, USUARIO, IP) VALUES ('1473-11-3 14:42:19', '1732-8-2 16:33:21', '1844-11-16 20:8:28', 61, '78UKH 0CIW', 'PICGFYXVLX3F6WB');

INSERT INTO CUENTA_LOGS (FECHA_HORA, FECHA_REGISTRO, FECHA_ACTUALIZACIO, SALDO, USUARIO, IP) VALUES ('236-11-2 2:53:42', '906-7-3 9:5:42', '620-5-1 5:59:23', 86, '1GXJQY2TWL', '0KLM22866MI14KU');

INSERT INTO CUENTA_LOGS (FECHA_HORA, FECHA_REGISTRO, FECHA_ACTUALIZACIO, SALDO, USUARIO, IP) VALUES ('709-12-29 7:4:42', '851-11-25 8:31:32', '196-11-12 2:12:55', 55, 'OEGJ61506C', 'I3HRN8D5KL9T8GJ');

INSERT INTO CUENTA_LOGS (FECHA_HORA, FECHA_REGISTRO, FECHA_ACTUALIZACIO, SALDO, USUARIO, IP) VALUES ('1171-1-24 11:42:4', '988-10-14 9:46:20', '1468-8-8 15:42:18', 17, 'A N1TIOFB5', 'GO71K KUSS6ALPQ');

INSERT INTO CUENTA_LOGS (FECHA_HORA, FECHA_REGISTRO, FECHA_ACTUALIZACIO, SALDO, USUARIO, IP) VALUES ('1267-11-17 12:33:8', '934-1-4 9:13:10', '1670-9-23 18:14:40', 68, 'LXCWWRICK8', 'QVIPBSEIQ28KIT9');

INSERT INTO CUENTA_LOGS (FECHA_HORA, FECHA_REGISTRO, FECHA_ACTUALIZACIO, SALDO, USUARIO, IP) VALUES ('1133-10-6 11:16:39', '1130-10-14 10:45:2', '1820-12-9 19:50:50', 6, 'NE23EVOVUC', 'G7AOTRC82MAO6MF');

INSERT INTO CUENTA_LOGS (FECHA_HORA, FECHA_REGISTRO, FECHA_ACTUALIZACIO, SALDO, USUARIO, IP) VALUES ('1849-9-27 18:25:49', '588-10-14 6:9:12', '1780-10-18 19:22:51', 37, '5K1QUJ2S57', 'HJN19COLX7LUL1M');

INSERT INTO CUENTA_LOGS (FECHA_HORA, FECHA_REGISTRO, FECHA_ACTUALIZACIO, SALDO, USUARIO, IP) VALUES ('960-2-18 9:30:38', '832-7-15 8:16:50', '1068-6-24 10:52:8', 57, 'M5W6C0FUIF', 'I98W3MI7 DMP9FX');

INSERT INTO CUENTA_LOGS (FECHA_HORA, FECHA_REGISTRO, FECHA_ACTUALIZACIO, SALDO, USUARIO, IP) VALUES ('1868-8-9 18:34:59', '1431-10-19 13:31:20', '781-4-11 7:54:27', 81, '70UBEEK7NY', 'EIM2 8DB3FHQ5I3');

INSERT INTO CUENTA_LOGS (FECHA_HORA, FECHA_REGISTRO, FECHA_ACTUALIZACIO, SALDO, USUARIO, IP) VALUES ('1292-3-5 12:47:22', '784-10-17 7:52:38', '1719-7-9 18:47:14', 90, 'SUSTRAPSR6', '6IMM6JV3F 9J8GW');

INSERT INTO CUENTA_LOGS (FECHA_HORA, FECHA_REGISTRO, FECHA_ACTUALIZACIO, SALDO, USUARIO, IP) VALUES ('1423-12-29 14:12:58', '2011-2-5 19:11:52', '637-3-5 6:13:1', 63, 'S5B4 UTF35', 'SLJ7XJ2VWMJG6M2');

INSERT INTO CUENTA_LOGS (FECHA_HORA, FECHA_REGISTRO, FECHA_ACTUALIZACIO, SALDO, USUARIO, IP) VALUES ('501-8-25 5:16:5', '1978-1-26 18:53:3', '1130-2-1 11:13:48', 95, 'BMOB2HC7VE', '0PEFD88YC9SF8AS');

INSERT INTO CUENTA_LOGS (FECHA_HORA, FECHA_REGISTRO, FECHA_ACTUALIZACIO, SALDO, USUARIO, IP) VALUES ('1532-8-6 15:20:33', '1662-9-3 15:47:52', '1184-11-12 12:0:20', 36, 'NNXVMWN84C', '7D8HJAWW DKXBMX');

INSERT INTO CUENTA_LOGS (FECHA_HORA, FECHA_REGISTRO, FECHA_ACTUALIZACIO, SALDO, USUARIO, IP) VALUES ('1413-11-20 14:6:18', '1300-9-28 12:17:8', '1-1-1 0:0:0', 97, 'NFPIO1TRW6', 'BTNRHT1JG4NBT9R');

INSERT INTO CUENTA_LOGS (FECHA_HORA, FECHA_REGISTRO, FECHA_ACTUALIZACIO, SALDO, USUARIO, IP) VALUES ('1147-10-14 11:27:4', '677-7-7 7:1:32', '1588-8-22 17:28:34', 92, 'NEEVT8PW8U', 'D93QGO7J3L4B9AX');

INSERT INTO CUENTA_LOGS (FECHA_HORA, FECHA_REGISTRO, FECHA_ACTUALIZACIO, SALDO, USUARIO, IP) VALUES ('787-10-19 7:58:36', '197-4-1 2:3:48', '100-10-4 1:13:11', 16, '4U631D2LEJ', '3VPY4 KWTOX0OO5');

INSERT INTO CUENTA_LOGS (FECHA_HORA, FECHA_REGISTRO, FECHA_ACTUALIZACIO, SALDO, USUARIO, IP) VALUES ('89-5-7 0:38:27', '1756-1-18 16:58:55', '272-2-1 2:46:59', 65, 'CK7CXTMAV2', 'RNCQXFEHICDWQUA');

INSERT INTO CUENTA_LOGS (FECHA_HORA, FECHA_REGISTRO, FECHA_ACTUALIZACIO, SALDO, USUARIO, IP) VALUES ('1717-11-15 17:10:17', '556-5-8 5:40:57', '1282-7-19 13:32:16', 41, 'CAMCJW18OC', 'SV4OF1E G5SKMSJ');

INSERT INTO CUENTA_LOGS (FECHA_HORA, FECHA_REGISTRO, FECHA_ACTUALIZACIO, SALDO, USUARIO, IP) VALUES ('933-12-25 9:18:37', '1462-5-22 13:56:30', '158-11-28 1:42:20', 62, '7WNRCN2LMW', 'DODNSH96Q2Y8E8N');

INSERT INTO CUENTA_LOGS (FECHA_HORA, FECHA_REGISTRO, FECHA_ACTUALIZACIO, SALDO, USUARIO, IP) VALUES ('1612-10-29 16:6:38', '870-11-14 8:41:51', '80-4-9 1:5:50', 39, '8OUUFKIPRF', 'ON8AGK C5WV9PER');

INSERT INTO CUENTA_LOGS (FECHA_HORA, FECHA_REGISTRO, FECHA_ACTUALIZACIO, SALDO, USUARIO, IP) VALUES ('1809-2-25 17:59:59', '885-4-26 8:57:21', '1478-5-16 15:59:57', 73, '97W66GJ5XP', 'NFNU85QFRM1LFGQ');

INSERT INTO CUENTA_LOGS (FECHA_HORA, FECHA_REGISTRO, FECHA_ACTUALIZACIO, SALDO, USUARIO, IP) VALUES ('864-3-28 8:50:0', '138-8-1 1:29:0', '470-8-26 4:43:53', 3, 'G9XSHR FNH', '596IJYCXBAMILYG');

INSERT INTO CUENTA_LOGS (FECHA_HORA, FECHA_REGISTRO, FECHA_ACTUALIZACIO, SALDO, USUARIO, IP) VALUES ('148-4-28 1:44:9', '607-12-7 6:27:14', '1251-9-7 13:0:39', 0, 'YI  TX33WT', 'HHD05WDG697THNG');

INSERT INTO CUENTA_LOGS (FECHA_HORA, FECHA_REGISTRO, FECHA_ACTUALIZACIO, SALDO, USUARIO, IP) VALUES ('1107-3-14 11:1:17', '216-11-13 2:17:30', '250-1-4 2:38:50', 79, '15PBLAB BJ', '0IX 7IMB8PK6OPN');

INSERT INTO CUENTA_LOGS (FECHA_HORA, FECHA_REGISTRO, FECHA_ACTUALIZACIO, SALDO, USUARIO, IP) VALUES ('368-5-26 4:6:2', '528-5-22 5:25:34', '928-2-2 9:17:14', 5, '5LQ6YMIR7O', '2R1ATMNQ6 VRVU ');

INSERT INTO CUENTA_LOGS (FECHA_HORA, FECHA_REGISTRO, FECHA_ACTUALIZACIO, SALDO, USUARIO, IP) VALUES ('627-11-25 6:26:25', '1325-7-22 12:24:59', '881-7-19 8:51:34', 4, 'K2Y15CON2I', 'SE40BFJW0R9UEUH');

INSERT INTO CUENTA_LOGS (FECHA_HORA, FECHA_REGISTRO, FECHA_ACTUALIZACIO, SALDO, USUARIO, IP) VALUES ('649-11-22 6:32:20', '1157-11-4 10:52:35', '171-9-2 1:57:40', 93, 'U2T98MX8JO', 'ICB4P0HFFW3J9NE');

INSERT INTO CUENTA_LOGS (FECHA_HORA, FECHA_REGISTRO, FECHA_ACTUALIZACIO, SALDO, USUARIO, IP) VALUES ('48-8-1 0:22:29', '1016-5-7 9:53:33', '1605-7-21 17:44:43', 15, '66MLG SBOC', 'GKY7SYSO7QKPPUW');

INSERT INTO CUENTA_LOGS (FECHA_HORA, FECHA_REGISTRO, FECHA_ACTUALIZACIO, SALDO, USUARIO, IP) VALUES ('1339-12-24 13:16:35', '1638-8-10 15:37:21', '1152-3-15 11:26:50', 42, 'P6M1FAAHJR', '14QQ2SPT97JEKJF');

INSERT INTO CUENTA_LOGS (FECHA_HORA, FECHA_REGISTRO, FECHA_ACTUALIZACIO, SALDO, USUARIO, IP) VALUES ('1834-10-10 18:14:2', '1107-7-6 10:34:3', '1403-10-31 15:7:18', 18, 'OPAYILMJU2', 'TFNR2XAYRD363PE');

INSERT INTO CUENTA_LOGS (FECHA_HORA, FECHA_REGISTRO, FECHA_ACTUALIZACIO, SALDO, USUARIO, IP) VALUES ('66-1-30 0:31:33', '1998-12-10 19:5:51', '337-10-20 3:28:41', 11, 'YBP81GVOUH', 'GIA9NYOH52VCP91');

INSERT INTO CUENTA_LOGS (FECHA_HORA, FECHA_REGISTRO, FECHA_ACTUALIZACIO, SALDO, USUARIO, IP) VALUES ('26-5-24 0:8:2', '1598-3-27 15:18:30', '967-8-26 9:42:49', 35, 'BDQ48G B9F', 'PPBKXRXFPGAX7I1');

INSERT INTO CUENTA_LOGS (FECHA_HORA, FECHA_REGISTRO, FECHA_ACTUALIZACIO, SALDO, USUARIO, IP) VALUES ('1902-8-3 18:58:35', '1580-8-31 15:5:8', '605-4-19 5:42:44', 54, '4DID20IU6Q', '0Y6CAULDUMAPYLT');

INSERT INTO CUENTA_LOGS (FECHA_HORA, FECHA_REGISTRO, FECHA_ACTUALIZACIO, SALDO, USUARIO, IP) VALUES ('800-4-2 8:11:42', '332-10-14 3:26:38', '1734-6-12 19:3:25', 47, 'GPSNDULWTE', '0KU1UUGEV720 X4');

INSERT INTO CUENTA_LOGS (FECHA_HORA, FECHA_REGISTRO, FECHA_ACTUALIZACIO, SALDO, USUARIO, IP) VALUES ('601-6-1 6:14:17', '1848-2-10 17:40:22', '1489-1-16 16:15:46', 58, 'OL97S2Q J1', 'L2I9R9YVQBTJXVB');

INSERT INTO CUENTA_LOGS (FECHA_HORA, FECHA_REGISTRO, FECHA_ACTUALIZACIO, SALDO, USUARIO, IP) VALUES ('1587-4-1 15:51:50', '1937-3-19 18:30:13', '952-10-19 9:30:46', 27, 'NVPBO3R5S4', 'UEVN9N61HCFRIP ');

INSERT INTO CUENTA_LOGS (FECHA_HORA, FECHA_REGISTRO, FECHA_ACTUALIZACIO, SALDO, USUARIO, IP) VALUES ('1738-12-14 17:17:38', '272-6-12 2:51:44', '902-8-14 9:6:31', 28, '6J6C94U0NS', 'CA0LR9MHTBOR744');

INSERT INTO CUENTA_LOGS (FECHA_HORA, FECHA_REGISTRO, FECHA_ACTUALIZACIO, SALDO, USUARIO, IP) VALUES ('687-5-17 6:54:25', '1902-4-20 18:5:45', '1120-5-11 11:6:14', 40, ' FYDYDGE5D', ' 3VNKQX5LPB91P4');

INSERT INTO CUENTA_LOGS (FECHA_HORA, FECHA_REGISTRO, FECHA_ACTUALIZACIO, SALDO, USUARIO, IP) VALUES ('1013-10-3 10:1:47', '1963-8-4 18:44:32', '866-11-25 8:42:49', 25, '4BK30WCHFC', '0ST6 XA4U3UGL U');

INSERT INTO CUENTA_LOGS (FECHA_HORA, FECHA_REGISTRO, FECHA_ACTUALIZACIO, SALDO, USUARIO, IP) VALUES ('1886-11-5 18:41:52', '974-12-3 9:30:47', '1702-10-28 18:35:21', 82, '747KL59B6U', '5LSKI5Q5RSHYVH2');

INSERT INTO CUENTA_LOGS (FECHA_HORA, FECHA_REGISTRO, FECHA_ACTUALIZACIO, SALDO, USUARIO, IP) VALUES ('1257-4-22 12:23:21', '1352-7-19 12:36:11', '1330-1-2 13:57:4', 91, 'NW7R6UFD6A', 'JTPNQCNGFKUNFN5');

INSERT INTO CUENTA_LOGS (FECHA_HORA, FECHA_REGISTRO, FECHA_ACTUALIZACIO, SALDO, USUARIO, IP) VALUES ('998-4-4 9:50:22', '1874-7-19 17:57:12', '55-1-19 0:39:42', 98, '3 EXJES FY', 'W6X Q  5GBR6M8M');

INSERT INTO CUENTA_LOGS (FECHA_HORA, FECHA_REGISTRO, FECHA_ACTUALIZACIO, SALDO, USUARIO, IP) VALUES ('1508-6-3 15:12:46', '963-2-8 9:22:24', '1357-8-9 14:29:41', 77, 'F8X8WM7 UG', '64264Y0EE64O W4');

INSERT INTO CUENTA_LOGS (FECHA_HORA, FECHA_REGISTRO, FECHA_ACTUALIZACIO, SALDO, USUARIO, IP) VALUES ('825-4-6 8:23:34', '1721-10-11 16:18:3', '825-1-27 8:21:29', 1, '7SKD4DOD8J', 'PHX1RV8F58DB6SJ');

INSERT INTO CUENTA_LOGS (FECHA_HORA, FECHA_REGISTRO, FECHA_ACTUALIZACIO, SALDO, USUARIO, IP) VALUES ('381-2-3 4:23:23', '1774-7-8 17:6:16', '350-10-12 3:35:23', 34, 'DIQ9DXOGBC', 'BFVRO9B4Q5FG1B6');

INSERT INTO CUENTA_LOGS (FECHA_HORA, FECHA_REGISTRO, FECHA_ACTUALIZACIO, SALDO, USUARIO, IP) VALUES ('1640-11-28 16:17:22', '315-8-18 3:16:34', '1091-4-25 10:58:18', 72, 'TPKYOIQIQ4', 'CGK7H64 2T8X3OC');

INSERT INTO DIRECCIONES (ID, DIRECCION) VALUES (26, '1 MILWAUKEE PASS');

INSERT INTO DIRECCIONES (ID, DIRECCION) VALUES (4, '18 WESTEND TRAIL');

INSERT INTO DIRECCIONES (ID, DIRECCION) VALUES (35, '010 SUSAN PARKWAY');

INSERT INTO DIRECCIONES (ID, DIRECCION) VALUES (23, '8924 DOTTIE CIRCLE');

INSERT INTO DIRECCIONES (ID, DIRECCION) VALUES (7, '56087 MELODY WAY');

INSERT INTO DIRECCIONES (ID, DIRECCION) VALUES (54, '400 SURREY TRAIL');

INSERT INTO DIRECCIONES (ID, DIRECCION) VALUES (14, '4103 BUTTERNUT DRIVE');

INSERT INTO DIRECCIONES (ID, DIRECCION) VALUES (44, '677 CARIOCA HILL');

INSERT INTO DIRECCIONES (ID, DIRECCION) VALUES (78, '53642 RIEDER PLACE');

INSERT INTO DIRECCIONES (ID, DIRECCION) VALUES (68, '43822 BAYSIDE CIRCLE');

INSERT INTO DIRECCIONES (ID, DIRECCION) VALUES (49, '7 AUTUMN LEAF TRAIL');

INSERT INTO DIRECCIONES (ID, DIRECCION) VALUES (37, '100 NORTHVIEW WAY');

INSERT INTO DIRECCIONES (ID, DIRECCION) VALUES (9, '4869 CORBEN LANE');

INSERT INTO DIRECCIONES (ID, DIRECCION) VALUES (73, '5253 MOLAND LANE');

INSERT INTO DIRECCIONES (ID, DIRECCION) VALUES (42, '079 MEMORIAL WAY');

INSERT INTO DIRECCIONES (ID, DIRECCION) VALUES (46, '90 MERCHANT PLACE');

INSERT INTO DIRECCIONES (ID, DIRECCION) VALUES (71, '476 ANDERSON TRAIL');

INSERT INTO DIRECCIONES (ID, DIRECCION) VALUES (67, '8 NEVADA JUNCTION');

INSERT INTO DIRECCIONES (ID, DIRECCION) VALUES (28, '230 GLACIER HILL AVENUE');

INSERT INTO DIRECCIONES (ID, DIRECCION) VALUES (27, '27476 LOTHEVILLE LANE');

INSERT INTO DIRECCIONES (ID, DIRECCION) VALUES (29, '63463 MCCORMICK HILL');

INSERT INTO DIRECCIONES (ID, DIRECCION) VALUES (40, '58 TOWNE CENTER');

INSERT INTO DIRECCIONES (ID, DIRECCION) VALUES (94, '939 MANITOWISH COURT');

INSERT INTO DIRECCIONES (ID, DIRECCION) VALUES (45, '09 ESKER POINT');

INSERT INTO DIRECCIONES (ID, DIRECCION) VALUES (52, '77 MENOMONIE DRIVE');

INSERT INTO DIRECCIONES (ID, DIRECCION) VALUES (10, '742 ARIZONA JUNCTION');

INSERT INTO DIRECCIONES (ID, DIRECCION) VALUES (5, '8161 HOMEWOOD AVENUE');

INSERT INTO DIRECCIONES (ID, DIRECCION) VALUES (39, '186 SCHURZ JUNCTION');

INSERT INTO DIRECCIONES (ID, DIRECCION) VALUES (76, '04152 SUSAN ALLEY');

INSERT INTO DIRECCIONES (ID, DIRECCION) VALUES (0, '9 BASIL TRAIL');

INSERT INTO DIRECCIONES (ID, DIRECCION) VALUES (69, '2 SYCAMORE HILL');

INSERT INTO DIRECCIONES (ID, DIRECCION) VALUES (43, '01 FULLER ROAD');

INSERT INTO DIRECCIONES (ID, DIRECCION) VALUES (56, '78 NORTHLAND JUNCTION');

INSERT INTO DIRECCIONES (ID, DIRECCION) VALUES (70, '1219 MILLER PASS');

INSERT INTO DIRECCIONES (ID, DIRECCION) VALUES (36, '9836 VAHLEN HILL');

INSERT INTO DIRECCIONES (ID, DIRECCION) VALUES (41, '951 BOBWHITE ROAD');

INSERT INTO DIRECCIONES (ID, DIRECCION) VALUES (93, '142 KENWOOD AVENUE');

INSERT INTO DIRECCIONES (ID, DIRECCION) VALUES (82, '48 LARRY TRAIL');

INSERT INTO DIRECCIONES (ID, DIRECCION) VALUES (12, '718 CREST LINE ALLEY');

INSERT INTO DIRECCIONES (ID, DIRECCION) VALUES (51, '31 JOHN WALL PLAZA');

INSERT INTO DIRECCIONES (ID, DIRECCION) VALUES (11, '2 OLD GATE TERRACE');

INSERT INTO DIRECCIONES (ID, DIRECCION) VALUES (8, '798 SUNFIELD HILL');

INSERT INTO DIRECCIONES (ID, DIRECCION) VALUES (80, '091 FOREST RUN PASS');

INSERT INTO DIRECCIONES (ID, DIRECCION) VALUES (53, '5688 CLARENDON STREET');

INSERT INTO DIRECCIONES (ID, DIRECCION) VALUES (84, '7261 DUNNING PARKWAY');

INSERT INTO DIRECCIONES (ID, DIRECCION) VALUES (89, '9 SUMMER RIDGE JUNCTION');

INSERT INTO DIRECCIONES (ID, DIRECCION) VALUES (86, '94613 MANITOWISH CIRCLE');

INSERT INTO DIRECCIONES (ID, DIRECCION) VALUES (60, '1034 CORRY CENTER');

INSERT INTO DIRECCIONES (ID, DIRECCION) VALUES (50, '436 DAPIN COURT');

INSERT INTO DIRECCIONES (ID, DIRECCION) VALUES (18, '89 ELIOT LANE');

INSERT INTO DIRECCIONES (ID, DIRECCION) VALUES (96, '222 RIEDER HILL');

INSERT INTO DIRECCIONES (ID, DIRECCION) VALUES (72, '2 ARIZONA PLAZA');

INSERT INTO DIRECCIONES (ID, DIRECCION) VALUES (58, '86918 WASHINGTON ALLEY');

INSERT INTO DIRECCIONES (ID, DIRECCION) VALUES (19, '5468 CALIANGT PLACE');

INSERT INTO DIRECCIONES (ID, DIRECCION) VALUES (99, '29 NORTHVIEW CENTER');

INSERT INTO DIRECCIONES (ID, DIRECCION) VALUES (90, '47 LIGHTHOUSE BAY CROSSING');

INSERT INTO DIRECCIONES (ID, DIRECCION) VALUES (63, '592 LUKKEN PLAZA');

INSERT INTO DIRECCIONES (ID, DIRECCION) VALUES (65, '9 IOWA PLACE');

INSERT INTO DIRECCIONES (ID, DIRECCION) VALUES (74, '3400 SOMMERS CENTER');

INSERT INTO DIRECCIONES (ID, DIRECCION) VALUES (91, '933 FREMONT TRAIL');

INSERT INTO DIRECCIONES (ID, DIRECCION) VALUES (66, '7 WESTEND HILL');

INSERT INTO DIRECCIONES (ID, DIRECCION) VALUES (75, '252 SUGAR ROAD');

INSERT INTO DIRECCIONES (ID, DIRECCION) VALUES (13, '7298 RUSK POINT');

INSERT INTO DIRECCIONES (ID, DIRECCION) VALUES (33, '2241 MCGUIRE POINT');

INSERT INTO DIRECCIONES (ID, DIRECCION) VALUES (98, '7 PARK MEADOW LANE');

INSERT INTO DIRECCIONES (ID, DIRECCION) VALUES (32, '9 ATWOOD ALLEY');

INSERT INTO DIRECCIONES (ID, DIRECCION) VALUES (31, '470 WAUBESA ALLEY');

INSERT INTO DIRECCIONES (ID, DIRECCION) VALUES (81, '135 GINA TRAIL');

INSERT INTO DIRECCIONES (ID, DIRECCION) VALUES (48, '8 UPHAM TRAIL');

INSERT INTO DIRECCIONES (ID, DIRECCION) VALUES (20, '9555 MILWAUKEE CROSSING');

INSERT INTO DIRECCIONES (ID, DIRECCION) VALUES (59, '054 LIGHTHOUSE BAY PASS');

INSERT INTO DIRECCIONES (ID, DIRECCION) VALUES (24, '19 FOREST RUN LANE');

INSERT INTO DIRECCIONES (ID, DIRECCION) VALUES (2, '48 TOMSCOT PASS');

INSERT INTO DIRECCIONES (ID, DIRECCION) VALUES (3, '207 CRESCENT OAKS PLAZA');

INSERT INTO DIRECCIONES (ID, DIRECCION) VALUES (87, '85 SPRINGS TERRACE');

INSERT INTO DIRECCIONES (ID, DIRECCION) VALUES (85, '754 OAKRIDGE PARK');

INSERT INTO DIRECCIONES (ID, DIRECCION) VALUES (38, '97323 PRAIRIEVIEW STREET');

INSERT INTO DIRECCIONES (ID, DIRECCION) VALUES (79, '7 WARBLER CENTER');

INSERT INTO DIRECCIONES (ID, DIRECCION) VALUES (16, '87 LOEPRICH COURT');

INSERT INTO DIRECCIONES (ID, DIRECCION) VALUES (21, '34339 KILLDEER TRAIL');

INSERT INTO DIRECCIONES (ID, DIRECCION) VALUES (95, '34 LINDEN WAY');

INSERT INTO DIRECCIONES (ID, DIRECCION) VALUES (34, '7 MACPHERSON TRAIL');

INSERT INTO DIRECCIONES (ID, DIRECCION) VALUES (83, '26348 CARIOCA WAY');

INSERT INTO DIRECCIONES (ID, DIRECCION) VALUES (57, '04580 RUSKIN PARK');

INSERT INTO DIRECCIONES (ID, DIRECCION) VALUES (6, '799 DELLADONNA LANE');

INSERT INTO DIRECCIONES (ID, DIRECCION) VALUES (47, '66 HERMINA JUNCTION');

INSERT INTO DIRECCIONES (ID, DIRECCION) VALUES (61, '22540 ROXBURY COURT');

INSERT INTO DIRECCIONES (ID, DIRECCION) VALUES (25, '5161 RANDY AVENUE');

INSERT INTO DIRECCIONES (ID, DIRECCION) VALUES (92, '62 BLUEJAY PASS');

INSERT INTO DIRECCIONES (ID, DIRECCION) VALUES (55, '0 JANA TRAIL');

INSERT INTO DIRECCIONES (ID, DIRECCION) VALUES (97, '3791 PARKSIDE DRIVE');

INSERT INTO DIRECCIONES (ID, DIRECCION) VALUES (1, '973 RUTLEDGE DRIVE');

INSERT INTO DIRECCIONES (ID, DIRECCION) VALUES (77, '5964 PENNSYLVANIA CIRCLE');

INSERT INTO DIRECCIONES (ID, DIRECCION) VALUES (22, '4465 RIGNEY PLAZA');

INSERT INTO DIRECCIONES (ID, DIRECCION) VALUES (64, '2 SCHILLER TERRACE');

INSERT INTO DIRECCIONES (ID, DIRECCION) VALUES (88, '9821 BLUESTEM TERRACE');

INSERT INTO DIRECCIONES (ID, DIRECCION) VALUES (30, '9 KINGS ROAD');

INSERT INTO DIRECCIONES (ID, DIRECCION) VALUES (15, '98964 DAYSTAR POINT');

INSERT INTO DIRECCIONES (ID, DIRECCION) VALUES (62, '688 MCBRIDE PASS');

INSERT INTO DIRECCIONES (ID, DIRECCION) VALUES (17, '35 TRUAX HILL');

